CustomerID,Age,Annual_Income,Spending_Score,Purchase_Frequency_Monthly,Recency_Days,Tenure_Years,Online_Purchase_Ratio,Avg_Basket_Size,Returns_Rate,Loyalty_Points,Discount_Usage_Rate,Email_Open_Rate,App_Sessions_Monthly,Wishlist_Items,Cart_Abandon_Rate,Social_Engagement_Score,Electronics_Spend,Fashion_Spend,Grocery_Spend,Travel_Spend,Customer_Service_Calls,Referral_Count,Gender
1,38.0,19760.0,25.1,4.8,179.0,2.9,0.13,5.2,0.04,114.0,0.19,0.36,0.0,3,0.39,2.4,795.0,1485.0,2710.0,1743.0,2,0,Male
2,23.0,21261.0,73.9,13.6,20.0,4.6,0.83,4.9,0.07,1182.0,0.4,0.11,3.3,3,0.31,0.0,3074.0,1805.0,3375.0,1312.0,1,1,Male
3,38.0,83106.0,25.6,8.8,260.0,6.8,0.2,2.9,0.13,189.0,0.33,0.6,4.3,3,0.47,6.0,8310.0,11793.0,13966.0,7529.0,2,3,Male
4,40.0,104179.0,91.3,21.0,31.0,0.2,0.57,8.3,0.16,1569.0,0.37,0.08,9.7,6,0.33,1.1,13160.0,10088.0,9979.0,1549.0,4,1,Male
5,43.0,91404.0,18.8,7.7,158.0,7.1,0.29,5.1,0.1,125.0,0.01,0.42,1.4,1,0.41,3.5,6993.0,7485.0,11387.0,235.0,1,0,Male
6,40.0,21446.0,23.3,3.3,239.0,5.5,0.3,3.3,0.02,79.0,0.36,0.46,5.2,3,0.61,10.1,2590.0,3007.0,2086.0,459.0,1,2,Male
7,26.0,89692.0,79.8,15.3,14.0,0.2,0.77,6.4,0.0,1310.0,0.41,0.22,2.0,3,0.73,3.4,3768.0,4600.0,17371.0,8905.0,1,0,Female
8,37.0,20186.0,24.3,5.1,232.0,3.5,0.16,1.0,0.13,103.0,0.33,0.6,2.3,2,0.68,6.5,775.0,505.0,1648.0,495.0,4,0,Female
9,31.0,83460.0,72.5,24.6,8.0,1.3,0.47,6.5,0.1,1505.0,0.43,0.45,10.5,4,0.13,2.3,5316.0,12453.0,8355.0,4403.0,3,0,Male
10,24.0,30634.0,86.8,14.5,24.0,3.5,0.8,5.6,0.11,1459.0,0.32,0.01,11.2,1,0.33,0.5,4105.0,3053.0,2021.0,711.0,0,1,Female
11,31.0,20452.0,87.6,18.2,33.0,4.3,0.76,4.3,0.01,1744.0,0.41,0.59,9.5,4,0.22,3.3,1852.0,1585.0,1332.0,179.0,1,1,Male
12,32.0,84261.0,15.2,11.5,161.0,2.9,0.27,2.9,0.05,173.0,0.28,0.28,3.7,4,0.27,3.8,11642.0,6187.0,8855.0,739.0,0,0,Male
13,30.0,86579.0,22.8,6.7,107.0,6.6,0.31,1.0,0.05,170.0,0.39,0.0,5.2,1,0.27,8.3,6153.0,11408.0,15194.0,2446.0,1,0,Female
14,27.0,26429.0,77.8,10.9,32.0,2.2,0.78,4.0,0.04,818.0,0.04,0.61,4.1,2,0.41,1.1,930.0,2597.0,5284.0,414.0,1,1,Female
15,36.0,96021.0,16.8,5.1,240.0,3.9,0.15,4.2,0.17,70.0,0.13,0.28,0.0,2,0.52,1.4,5003.0,13726.0,14442.0,7985.0,1,2,Female
16,36.0,86025.0,22.9,5.9,190.0,3.6,0.34,3.7,0.08,138.0,0.25,0.75,3.8,1,0.55,0.0,6984.0,4891.0,13730.0,3390.0,0,1,Female
17,28.0,97174.0,84.2,14.0,13.0,2.7,0.7,9.0,0.14,1372.0,0.19,0.31,5.3,1,0.61,0.6,13323.0,4937.0,12895.0,8734.0,2,3,Male
18,21.0,15170.0,90.5,23.5,28.0,1.8,0.62,4.2,0.08,2424.0,0.65,0.42,11.7,2,0.05,7.1,814.0,518.0,1279.0,198.0,2,0,Male
19,26.0,18727.0,81.3,17.3,21.0,2.1,0.84,6.9,0.09,1278.0,0.32,0.19,12.6,5,0.15,1.9,2306.0,1570.0,3636.0,1243.0,1,0,Male
20,29.0,72774.0,92.3,24.2,10.0,2.4,0.91,7.0,0.03,2350.0,0.02,0.01,11.9,3,0.42,11.5,7207.0,4266.0,14248.0,139.0,1,1,Male
21,28.0,68751.0,90.3,25.2,11.0,2.9,0.77,7.0,0.06,1997.0,0.31,0.35,6.8,5,0.45,3.5,6331.0,5942.0,8433.0,2552.0,3,1,Female
22,23.0,34129.0,96.9,22.0,19.0,2.2,0.78,9.0,0.04,1980.0,0.21,0.28,12.0,4,0.29,2.4,4404.0,2711.0,2512.0,879.0,3,1,Male
23,26.0,26238.0,74.3,20.9,31.0,2.6,0.76,6.9,0.03,1521.0,0.43,0.01,4.0,10,0.21,3.6,1736.0,1794.0,2717.0,2096.0,2,1,Female
24,32.0,74597.0,47.6,34.5,8.0,2.6,0.86,6.0,0.05,1340.0,0.22,0.28,14.2,7,0.44,2.1,11062.0,10009.0,9651.0,5814.0,0,1,Male
25,41.0,93130.0,30.8,4.4,228.0,3.6,0.27,3.2,0.01,151.0,0.19,0.28,3.8,2,0.15,1.5,6742.0,12266.0,12834.0,8792.0,0,0,Female
26,37.0,95438.0,19.0,5.7,225.0,4.0,0.43,1.2,0.0,98.0,0.41,0.0,0.0,2,0.11,1.6,6335.0,5361.0,18171.0,1115.0,1,0,Female
27,26.0,22657.0,88.4,16.7,30.0,2.4,0.89,5.4,0.07,1279.0,0.41,0.09,9.2,0,0.48,1.6,3330.0,3010.0,3792.0,1231.0,2,1,Female
28,33.0,93532.0,89.6,37.8,12.0,1.7,0.78,5.1,0.05,3166.0,0.0,0.43,23.6,1,0.48,0.0,13491.0,5415.0,11823.0,6689.0,0,0,Male
29,41.0,83797.0,77.5,19.8,18.0,3.3,0.57,7.1,0.12,1494.0,0.09,0.09,6.4,5,0.29,6.8,8343.0,10697.0,12143.0,551.0,3,0,Female
30,28.0,93910.0,72.2,18.7,1.0,0.2,0.81,6.8,0.08,1498.0,0.11,0.53,10.8,6,0.42,5.1,11522.0,4506.0,15857.0,3240.0,0,0,Male
31,24.0,95468.0,82.3,22.4,12.0,2.8,0.63,6.2,0.1,1608.0,0.12,0.49,7.6,5,0.13,5.7,6990.0,10874.0,18925.0,779.0,1,0,Male
32,28.0,24612.0,70.3,16.4,31.0,2.8,0.91,3.2,0.08,1195.0,0.48,0.21,7.5,4,0.69,0.1,1672.0,3493.0,3043.0,353.0,1,1,Female
33,18.0,26598.0,71.6,27.1,22.0,4.3,0.82,5.3,0.12,1628.0,0.19,0.41,15.3,1,0.3,3.9,859.0,3612.0,2120.0,1338.0,3,0,Male
34,28.0,27860.0,73.3,21.1,15.0,2.7,0.42,6.9,0.07,1444.0,0.35,0.32,6.2,1,0.37,7.4,1556.0,2680.0,2805.0,2563.0,0,1,Female
35,26.0,80987.0,80.1,18.8,19.0,3.1,0.77,7.3,0.04,1464.0,0.26,0.27,13.0,4,0.6,0.0,7854.0,6242.0,12875.0,2364.0,1,0,Female
36,35.0,82465.0,74.1,25.1,14.0,1.3,0.78,5.1,0.11,1802.0,0.36,0.11,14.3,5,0.35,0.0,7190.0,7114.0,13182.0,2299.0,1,0,Male
37,41.0,101614.0,55.6,25.1,12.0,4.0,0.79,6.9,0.16,1216.0,0.2,0.21,17.6,4,0.32,2.9,4447.0,13936.0,8714.0,3309.0,1,0,Female
38,43.0,88721.0,27.2,6.4,265.0,5.7,0.08,4.7,0.13,200.0,0.11,0.77,2.7,2,0.24,3.7,5906.0,6156.0,17231.0,8200.0,2,0,Female
39,33.0,89117.0,95.9,14.2,24.0,1.0,0.93,8.8,0.03,1293.0,0.31,0.36,7.8,3,0.39,2.3,2575.0,4278.0,11966.0,8615.0,2,1,Male
40,23.0,30296.0,70.0,24.0,18.0,4.4,0.89,8.4,0.16,1374.0,0.23,0.58,10.5,4,0.53,5.5,2835.0,2454.0,6018.0,1763.0,2,2,Female
41,40.0,14129.0,17.0,2.5,138.0,1.6,0.16,1.1,0.06,36.0,0.44,0.26,4.6,4,0.41,0.0,2079.0,1402.0,996.0,547.0,1,1,Male
42,42.0,87219.0,31.2,7.9,199.0,7.3,0.08,3.7,0.14,241.0,0.48,0.32,2.7,0,0.44,0.0,8724.0,11893.0,9003.0,3939.0,2,1,Female
43,46.0,26093.0,25.2,6.6,172.0,4.9,0.34,1.0,0.15,147.0,0.31,0.14,3.2,5,0.25,3.0,3745.0,3677.0,2962.0,2116.0,1,1,Female
44,18.0,91018.0,87.9,24.9,18.0,4.4,0.61,7.4,0.12,2141.0,0.12,0.21,8.9,3,0.53,2.5,12309.0,12495.0,5040.0,8924.0,0,3,Female
45,48.0,22633.0,10.7,1.7,206.0,4.4,0.39,1.6,0.13,17.0,0.27,0.24,0.0,3,0.53,0.0,530.0,549.0,1738.0,711.0,2,0,Female
46,38.0,75779.0,100.0,13.1,25.0,3.5,0.67,8.2,0.1,1336.0,0.33,0.13,9.7,5,0.64,1.4,11035.0,5090.0,12819.0,4717.0,2,0,Female
47,34.0,89180.0,87.7,22.0,16.0,7.0,0.74,4.8,0.13,1960.0,0.46,0.21,8.1,5,0.22,0.0,5217.0,2312.0,8927.0,1436.0,1,1,Male
48,32.0,107331.0,28.0,3.9,225.0,2.2,0.15,2.8,0.08,116.0,0.26,0.74,2.1,2,0.45,0.1,14910.0,15343.0,15659.0,6480.0,2,0,Male
49,39.0,83938.0,5.2,5.7,139.0,3.2,0.26,3.6,0.11,32.0,0.16,0.65,0.0,3,0.33,0.0,2463.0,9643.0,10234.0,5152.0,0,1,Female
50,46.0,101474.0,20.3,6.4,122.0,6.4,0.27,2.4,0.05,126.0,0.5,0.25,1.5,1,0.47,6.2,14473.0,11323.0,5658.0,8918.0,1,0,Male
51,24.0,19865.0,67.2,18.6,6.0,0.9,1.0,3.5,0.04,1446.0,0.56,0.38,15.1,3,0.63,0.0,1917.0,2241.0,2635.0,1304.0,1,0,Female
52,48.0,16942.0,22.9,4.4,252.0,6.6,0.26,2.1,0.03,92.0,0.5,0.69,0.7,2,0.42,0.0,644.0,1783.0,2834.0,1114.0,2,2,Female
53,29.0,96814.0,86.1,16.9,10.0,3.3,0.77,6.4,0.08,1468.0,0.41,0.22,11.2,2,0.36,1.8,7478.0,10579.0,14000.0,3380.0,0,0,Male
54,36.0,90426.0,16.4,0.8,142.0,2.9,0.35,1.6,0.09,12.0,0.35,0.0,1.3,3,0.31,7.9,4091.0,8513.0,13633.0,489.0,1,1,Female
55,38.0,22633.0,12.6,6.2,214.0,4.9,0.03,4.9,0.05,88.0,0.41,0.38,2.9,1,0.45,0.0,1755.0,1105.0,3102.0,775.0,4,1,Female
56,35.0,91176.0,88.2,24.9,20.0,3.0,0.9,6.4,0.03,2596.0,0.32,0.26,12.1,1,0.51,1.8,2798.0,9506.0,6520.0,3275.0,2,0,Female
57,52.0,25888.0,19.3,7.3,210.0,6.0,0.19,1.7,0.05,126.0,0.33,0.51,3.5,5,0.48,0.0,1859.0,2043.0,2540.0,1322.0,4,0,Male
58,45.0,32921.0,18.0,3.2,152.0,4.1,0.52,1.0,0.12,56.0,0.29,0.0,1.3,5,0.3,10.4,4765.0,4496.0,3646.0,2914.0,1,2,Female
59,37.0,38253.0,8.7,6.9,174.0,5.6,0.09,4.3,0.04,61.0,0.14,0.28,4.3,2,0.42,0.0,3312.0,4979.0,5128.0,2097.0,5,1,Male
60,37.0,97381.0,76.9,28.9,23.0,3.8,0.65,4.5,0.05,2024.0,0.5,0.24,19.9,0,0.69,2.7,11912.0,8625.0,12573.0,1740.0,1,2,Female
61,24.0,78359.0,100.0,20.1,11.0,2.6,0.52,8.3,0.11,2024.0,0.31,0.25,11.0,1,0.13,5.2,9563.0,6389.0,4284.0,1215.0,1,0,Female
62,37.0,81364.0,38.3,4.0,45.0,3.5,0.46,3.7,0.11,152.0,0.39,0.65,3.0,6,0.47,2.5,2269.0,8413.0,5876.0,7650.0,2,1,Female
63,44.0,90934.0,15.7,5.4,280.0,6.3,0.01,2.7,0.11,84.0,0.0,0.32,6.5,3,0.68,6.2,13455.0,10545.0,10554.0,7852.0,2,0,Female
64,46.0,91576.0,15.3,10.5,90.0,4.5,0.13,1.1,0.06,183.0,0.22,0.13,0.6,1,0.35,0.0,9491.0,3172.0,6362.0,2887.0,2,0,Female
65,40.0,83725.0,12.2,4.6,173.0,5.8,0.22,2.4,0.12,66.0,0.13,0.22,0.0,3,0.21,2.1,4975.0,7161.0,12665.0,6888.0,1,1,Male
66,39.0,16997.0,22.4,3.3,250.0,5.5,0.16,2.3,0.07,74.0,0.24,0.31,2.5,5,0.7,0.0,2000.0,2151.0,2789.0,1509.0,3,1,Female
67,39.0,101778.0,26.2,7.1,250.0,3.7,0.52,5.7,0.04,200.0,0.27,0.42,0.0,3,0.49,0.0,9684.0,5508.0,14465.0,1048.0,1,0,Male
68,36.0,80840.0,90.0,21.5,6.0,1.3,0.61,5.5,0.07,2058.0,0.24,0.68,8.0,5,0.4,1.7,8623.0,9433.0,9639.0,5659.0,3,1,Male
69,30.0,70653.0,60.8,25.3,6.0,5.2,0.98,4.5,0.14,1498.0,0.35,0.46,13.7,7,0.48,1.4,3023.0,2266.0,12893.0,1122.0,2,2,Female
70,40.0,81466.0,78.7,11.0,13.0,4.1,0.85,6.8,0.02,826.0,0.17,0.72,3.3,6,0.23,2.8,5819.0,3395.0,13492.0,7582.0,0,0,Female
71,29.0,82467.0,94.5,18.9,12.0,2.5,0.68,8.0,0.01,2079.0,0.28,0.42,7.7,0,0.18,1.0,4853.0,8799.0,7474.0,3027.0,1,1,Female
72,50.0,89167.0,21.0,10.7,180.0,3.3,0.02,4.3,0.07,224.0,0.38,0.16,4.9,3,0.55,4.6,6962.0,4858.0,13312.0,7046.0,2,0,Female
73,36.0,36806.0,15.1,5.1,279.0,3.8,0.33,2.5,0.09,66.0,0.47,0.44,2.7,5,0.43,0.0,737.0,1353.0,3139.0,1897.0,0,1,Male
74,47.0,88329.0,37.8,5.8,274.0,3.6,0.4,1.3,0.11,257.0,0.34,0.69,0.0,1,0.28,0.0,2719.0,11950.0,4925.0,6260.0,1,1,Male
75,42.0,108208.0,24.7,1.2,212.0,2.6,0.0,6.2,0.01,28.0,0.48,0.39,0.0,4,0.41,0.1,14772.0,9785.0,6682.0,8.0,2,1,Male
76,31.0,88265.0,83.5,31.3,18.0,0.2,0.73,6.7,0.03,2187.0,0.51,0.06,17.7,1,0.37,0.0,2977.0,7744.0,4467.0,3023.0,2,1,Female
77,40.0,81693.0,21.7,7.1,245.0,1.7,0.39,2.5,0.13,175.0,0.01,0.4,5.1,3,0.48,0.0,3617.0,6204.0,6250.0,1807.0,3,0,Female
78,36.0,88333.0,17.3,7.0,300.0,5.9,0.46,2.6,0.05,121.0,0.35,0.12,4.5,0,0.44,0.3,5674.0,10376.0,11211.0,2866.0,2,0,Female
79,50.0,22168.0,24.5,4.4,251.0,7.1,0.13,4.0,0.16,115.0,0.42,0.0,6.3,3,0.42,0.0,1397.0,2024.0,3600.0,590.0,1,1,Female
80,24.0,28258.0,63.9,20.1,22.0,2.3,0.89,4.9,0.07,1066.0,0.11,0.12,9.0,3,0.47,3.4,2353.0,4131.0,3977.0,2761.0,3,0,Male
81,44.0,30301.0,24.7,7.8,257.0,1.0,0.31,3.9,0.13,206.0,0.27,0.52,4.0,4,0.52,1.4,3472.0,2396.0,2963.0,1971.0,1,0,Male
82,38.0,89394.0,17.9,6.6,292.0,5.5,0.35,2.4,0.1,106.0,0.21,0.69,4.3,1,0.27,10.6,11505.0,4508.0,5058.0,1090.0,1,2,Female
83,24.0,33112.0,70.3,18.0,34.0,0.3,0.68,5.7,0.05,1016.0,0.41,0.28,9.8,3,0.58,7.3,3314.0,1789.0,3314.0,1121.0,1,0,Female
84,56.0,99999.0,20.4,3.9,233.0,3.9,0.33,2.5,0.07,68.0,0.17,0.32,3.1,2,0.25,0.0,6167.0,2121.0,6270.0,2005.0,3,0,Female
85,32.0,77241.0,94.3,30.7,14.0,5.3,0.88,7.9,0.08,2371.0,0.06,0.23,16.4,4,0.65,3.2,9398.0,7051.0,6683.0,1771.0,2,2,Male
86,45.0,17572.0,14.0,1.8,212.0,2.4,0.02,1.0,0.08,21.0,0.59,0.21,0.0,2,0.5,3.7,801.0,1164.0,1839.0,351.0,2,0,Male
87,51.0,30436.0,9.6,10.2,168.0,2.4,0.3,4.2,0.11,95.0,0.21,0.13,9.5,6,0.21,4.0,735.0,1445.0,4132.0,305.0,2,1,Male
88,43.0,103305.0,22.2,9.0,288.0,7.3,0.25,1.6,0.21,178.0,0.27,0.52,14.2,3,0.63,0.0,5299.0,3114.0,18182.0,5202.0,1,0,Female
89,57.0,19968.0,18.2,2.2,252.0,4.6,0.36,3.3,0.08,44.0,0.54,0.37,2.0,2,0.31,8.4,1522.0,2948.0,2158.0,488.0,4,1,Female
90,23.0,29134.0,62.8,15.4,18.0,3.8,0.87,5.7,0.13,885.0,0.37,0.26,10.6,4,0.18,0.0,1146.0,3869.0,2100.0,351.0,1,0,Female
91,39.0,83600.0,84.2,26.0,27.0,2.4,0.69,5.9,0.05,2496.0,0.14,0.4,9.3,5,0.34,0.0,1736.0,3868.0,16336.0,1287.0,4,0,Female
92,39.0,80578.0,89.7,25.6,11.0,3.8,0.93,6.4,0.1,1923.0,0.27,0.28,13.5,2,0.4,0.0,7390.0,11735.0,10361.0,5493.0,2,0,Male
93,40.0,84366.0,21.9,3.1,115.0,3.5,0.17,2.9,0.1,61.0,0.42,0.0,5.1,6,0.54,0.0,8415.0,6124.0,8714.0,7783.0,1,1,Male
94,31.0,105850.0,73.2,30.5,4.0,5.4,0.73,5.7,0.06,2655.0,0.28,0.28,22.3,2,0.38,0.6,10813.0,3206.0,14404.0,239.0,1,3,Female
95,55.0,21085.0,14.4,4.1,179.0,5.6,0.13,2.7,0.04,59.0,0.46,0.25,3.3,2,0.29,8.0,1831.0,1385.0,3627.0,177.0,0,0,Female
96,25.0,27362.0,75.0,14.7,26.0,0.2,0.94,6.0,0.1,1039.0,0.42,0.13,13.8,0,0.42,1.5,1981.0,1021.0,1672.0,1522.0,1,1,Male
97,34.0,78096.0,85.7,24.6,28.0,2.0,0.88,8.3,0.04,1946.0,0.31,0.32,15.0,3,0.34,10.1,1855.0,2572.0,5323.0,524.0,1,0,Female
98,56.0,17825.0,27.0,2.3,165.0,2.8,0.15,3.3,0.03,69.0,0.45,0.17,2.2,6,0.32,5.3,628.0,2664.0,939.0,1408.0,1,3,Male
99,37.0,92811.0,25.7,4.2,166.0,3.8,0.34,1.0,0.08,129.0,0.11,0.77,0.0,3,0.42,0.0,6874.0,9061.0,16346.0,369.0,2,0,Male
100,33.0,97244.0,23.1,12.4,229.0,2.8,0.29,2.9,0.06,248.0,0.35,0.74,2.4,5,0.49,0.0,12210.0,12304.0,7661.0,5527.0,0,3,Male
101,32.0,73563.0,81.9,29.4,21.0,3.4,0.66,4.5,0.0,2485.0,0.53,0.6,14.0,3,0.6,6.0,1779.0,9636.0,9746.0,4745.0,0,2,Male
102,42.0,91957.0,2.5,11.1,210.0,4.1,0.3,3.4,0.04,22.0,0.0,0.39,6.1,4,0.53,0.0,9936.0,2364.0,11604.0,2127.0,1,2,Female
103,27.0,23800.0,83.4,23.7,29.0,1.1,0.77,3.2,0.1,2154.0,0.25,0.2,8.0,1,0.52,6.9,3100.0,720.0,3179.0,383.0,2,1,Male
104,43.0,83105.0,8.2,7.3,191.0,6.4,0.49,2.7,0.17,48.0,0.47,0.4,3.8,2,0.57,2.7,5120.0,11736.0,6809.0,1941.0,0,1,Male
105,23.0,21616.0,90.2,19.4,6.0,0.4,0.59,5.9,0.1,1497.0,0.17,0.4,2.7,4,0.39,9.6,1773.0,2028.0,2583.0,829.0,3,1,Female
106,22.0,28097.0,90.1,17.5,36.0,4.5,1.0,3.8,0.11,1450.0,0.3,0.0,9.8,2,0.26,3.2,3022.0,3339.0,4817.0,1449.0,1,1,Female
107,34.0,22932.0,16.6,3.5,222.0,6.7,0.17,3.0,0.03,64.0,0.1,0.55,1.2,7,0.49,10.5,1485.0,1883.0,4467.0,935.0,1,1,Male
108,45.0,26542.0,16.6,4.0,241.0,1.4,0.01,3.5,0.15,75.0,0.01,0.25,1.0,1,0.21,2.7,1019.0,2378.0,1653.0,1183.0,2,1,Female
109,38.0,36252.0,20.3,6.3,142.0,1.5,0.27,3.3,0.04,128.0,0.29,0.25,0.1,2,0.55,0.0,5079.0,1442.0,2009.0,2720.0,2,0,Female
110,52.0,21671.0,10.2,2.8,217.0,5.9,0.1,1.1,0.02,26.0,0.56,0.8,0.0,5,0.45,8.5,442.0,935.0,3441.0,1756.0,3,1,Female
111,35.0,87636.0,100.0,23.1,18.0,1.7,0.66,4.3,0.07,2379.0,0.08,0.27,4.1,4,0.5,7.4,7984.0,1892.0,9618.0,8062.0,1,1,Female
112,26.0,19718.0,87.3,20.0,22.0,5.0,1.0,5.6,0.03,1932.0,0.37,0.15,5.8,3,0.48,0.0,1151.0,1841.0,3124.0,1221.0,3,0,Male
113,52.0,87537.0,21.1,5.9,167.0,4.4,0.0,4.5,0.0,137.0,0.28,0.8,5.8,4,0.34,4.0,6454.0,2017.0,14176.0,7809.0,1,0,Male
114,36.0,25170.0,20.6,2.4,157.0,3.8,0.4,1.0,0.03,45.0,0.39,0.11,0.0,5,0.5,0.0,3700.0,3162.0,4215.0,193.0,1,0,Female
115,20.0,20141.0,65.6,12.6,29.0,4.7,0.91,7.9,0.15,840.0,0.5,0.18,4.6,3,0.65,0.4,1030.0,1419.0,3367.0,121.0,1,0,Male
116,50.0,28333.0,3.9,5.6,213.0,7.2,0.0,1.0,0.05,24.0,0.57,0.48,0.0,1,0.43,0.0,1051.0,4132.0,3619.0,1892.0,1,0,Male
117,34.0,66255.0,18.5,5.5,224.0,2.2,0.13,1.0,0.03,115.0,0.12,0.66,3.7,0,0.5,0.0,5806.0,5234.0,9489.0,2087.0,1,0,Female
118,34.0,83517.0,10.3,7.6,111.0,2.1,0.41,1.0,0.1,78.0,0.19,0.45,7.0,5,0.37,0.0,6405.0,11171.0,6288.0,4540.0,5,0,Female
119,29.0,23291.0,83.9,13.8,11.0,3.0,0.72,5.4,0.0,1160.0,0.39,0.23,6.4,7,0.11,7.8,3072.0,1689.0,2940.0,101.0,0,0,Male
120,42.0,89196.0,19.4,8.2,321.0,5.8,0.43,3.3,0.08,150.0,0.31,0.8,6.5,1,0.56,2.4,4198.0,2146.0,7286.0,4390.0,3,1,Male
121,39.0,82332.0,70.8,22.7,11.0,5.1,0.87,4.7,0.19,1586.0,0.07,0.37,8.8,4,0.38,2.2,5303.0,11318.0,13331.0,468.0,0,1,Female
122,60.0,25659.0,7.1,1.8,136.0,3.2,0.33,1.0,0.11,15.0,0.48,0.43,2.1,0,0.38,0.0,3258.0,1515.0,3171.0,109.0,2,0,Female
123,47.0,24638.0,26.8,2.5,240.0,3.4,0.12,1.0,0.06,56.0,0.38,0.86,0.0,1,0.48,0.0,970.0,1163.0,2755.0,1050.0,2,0,Male
124,48.0,29424.0,12.7,4.8,198.0,5.7,0.49,1.3,0.02,49.0,0.13,0.54,6.7,3,0.57,2.5,1173.0,2156.0,3155.0,2545.0,1,1,Female
125,33.0,95562.0,89.2,13.4,4.0,4.0,0.74,3.7,0.06,1433.0,0.38,0.4,9.2,4,0.38,0.0,8542.0,2338.0,13595.0,3739.0,0,0,Male
126,50.0,25926.0,16.2,3.3,231.0,3.9,0.29,3.4,0.09,55.0,0.49,0.38,5.4,2,0.2,5.7,1353.0,2720.0,3794.0,2430.0,2,1,Male
127,40.0,86044.0,83.4,15.4,6.0,3.9,0.6,5.2,0.09,1118.0,0.13,0.45,3.7,1,0.38,8.3,8068.0,11727.0,11457.0,2793.0,1,1,Female
128,42.0,98026.0,12.9,7.8,127.0,4.2,0.42,1.0,0.18,113.0,0.11,0.33,7.0,5,0.6,1.1,11687.0,2560.0,5588.0,6024.0,2,2,Female
129,22.0,27722.0,100.0,17.0,26.0,0.2,0.91,5.7,0.03,1848.0,0.16,0.27,9.2,0,0.42,1.4,980.0,1453.0,4822.0,2505.0,0,1,Female
130,24.0,28731.0,76.4,12.7,14.0,0.2,0.8,5.8,0.12,959.0,0.22,0.33,9.4,4,0.63,0.0,3172.0,2982.0,4112.0,1593.0,2,1,Female
131,35.0,95965.0,16.9,3.7,153.0,2.6,0.16,4.9,0.03,75.0,0.05,0.19,0.7,6,0.4,2.6,13437.0,2227.0,17481.0,2192.0,2,2,Female
132,35.0,22714.0,29.0,2.4,167.0,6.2,0.05,4.5,0.0,71.0,0.09,0.69,1.3,3,0.46,3.3,3147.0,1530.0,3917.0,876.0,1,1,Male
133,35.0,82829.0,66.2,26.9,14.0,4.2,0.92,5.5,0.16,2075.0,0.15,0.3,14.9,1,0.43,6.0,1890.0,3737.0,6673.0,5432.0,2,0,Male
134,37.0,77601.0,11.1,7.4,165.0,3.5,0.33,2.7,0.1,72.0,0.19,0.09,5.1,3,0.58,0.0,10412.0,4874.0,4721.0,7374.0,4,0,Male
135,47.0,31982.0,15.3,4.6,211.0,5.9,0.05,2.7,0.03,70.0,0.0,0.65,5.6,2,0.27,0.0,3447.0,2102.0,2361.0,2907.0,1,1,Female
136,26.0,23748.0,96.9,22.1,21.0,3.8,0.72,7.7,0.0,2146.0,0.26,0.51,7.8,3,0.16,7.1,2059.0,2725.0,4144.0,653.0,2,0,Female
137,21.0,23927.0,88.0,16.6,3.0,2.5,0.65,5.1,0.07,1669.0,0.25,0.45,7.4,4,0.51,0.1,2541.0,2354.0,4481.0,799.0,3,0,Male
138,34.0,83887.0,91.4,16.4,20.0,5.7,0.87,9.6,0.03,1525.0,0.51,0.0,6.6,4,0.37,11.8,6292.0,9686.0,15811.0,3439.0,0,1,Male
139,25.0,86979.0,79.9,26.8,13.0,2.0,0.82,5.5,0.0,2014.0,0.05,0.41,15.4,5,0.29,4.5,5537.0,7260.0,9331.0,8187.0,0,2,Female
140,43.0,27336.0,22.8,6.7,239.0,1.2,0.06,3.2,0.06,183.0,0.06,0.5,5.0,4,0.0,5.4,1887.0,1499.0,1489.0,1743.0,1,1,Male
141,53.0,25213.0,27.9,3.3,224.0,5.5,0.24,3.1,0.16,79.0,0.23,0.31,4.6,5,0.28,2.2,3473.0,1078.0,2941.0,2434.0,1,1,Male
142,24.0,21245.0,98.6,25.2,8.0,2.7,0.75,9.6,0.12,2433.0,0.44,0.32,11.9,5,0.35,2.8,1675.0,655.0,4114.0,1191.0,0,1,Female
143,39.0,75176.0,78.4,15.4,30.0,4.6,0.72,5.7,0.0,1357.0,0.27,0.48,8.5,6,0.26,0.0,7497.0,1867.0,12796.0,3299.0,1,2,Female
144,23.0,25422.0,86.8,20.5,18.0,5.7,0.62,6.8,0.05,1534.0,0.23,0.32,14.0,2,0.29,9.7,1592.0,2940.0,1373.0,1028.0,2,3,Male
145,20.0,33337.0,89.4,13.0,37.0,1.4,0.85,6.9,0.1,1180.0,0.12,0.37,3.6,1,0.15,0.0,1516.0,4277.0,4783.0,3332.0,2,0,Female
146,33.0,90023.0,76.8,32.2,27.0,3.3,0.44,6.8,0.09,2009.0,0.26,0.54,15.6,5,0.59,0.0,9035.0,4659.0,11465.0,250.0,1,0,Male
147,25.0,23906.0,72.9,20.5,38.0,3.8,0.88,5.7,0.11,1591.0,0.3,0.45,8.6,5,0.32,4.2,2263.0,2007.0,1487.0,1851.0,1,0,Female
148,29.0,16722.0,80.0,26.4,17.0,1.3,0.68,3.6,0.09,2297.0,0.27,0.34,12.2,5,0.26,3.8,1227.0,1350.0,953.0,1061.0,1,1,Male
149,36.0,74341.0,76.5,20.1,12.0,3.6,0.98,5.0,0.04,1757.0,0.31,0.66,10.2,1,0.3,0.0,10234.0,6543.0,11450.0,3885.0,4,2,Male
150,36.0,75272.0,69.9,16.3,33.0,0.2,0.9,8.2,0.0,958.0,0.04,0.41,4.1,3,0.57,0.0,7122.0,10555.0,5304.0,4176.0,4,1,Female
151,41.0,19923.0,11.1,3.6,60.0,1.1,0.4,2.5,0.08,47.0,0.32,0.48,1.8,7,0.34,8.1,1021.0,2847.0,1910.0,1265.0,2,0,Female
152,28.0,98715.0,77.2,21.6,12.0,5.1,0.52,6.7,0.03,1798.0,0.08,0.0,6.9,1,0.3,6.2,5129.0,8638.0,15593.0,7950.0,3,1,Female
153,23.0,31410.0,67.6,12.3,22.0,6.6,0.73,6.4,0.0,925.0,0.0,0.46,2.2,5,0.51,0.2,4664.0,1211.0,3422.0,349.0,1,0,Female
154,64.0,81021.0,10.0,11.7,185.0,2.2,0.39,4.5,0.14,102.0,0.24,0.1,6.9,3,0.44,6.7,2042.0,3880.0,14864.0,6914.0,1,1,Male
155,42.0,23468.0,18.4,6.5,291.0,1.9,0.28,1.7,0.06,121.0,0.3,0.07,3.1,5,0.26,4.3,1298.0,747.0,3572.0,986.0,1,0,Female
156,32.0,91145.0,64.9,21.0,13.0,6.5,0.79,5.5,0.16,1373.0,0.34,0.35,13.8,3,0.25,0.0,11901.0,6949.0,8831.0,8107.0,0,1,Male
157,36.0,87633.0,82.6,31.9,5.0,6.1,0.64,5.2,0.02,2705.0,0.16,0.21,13.4,3,0.67,9.9,4999.0,9143.0,12471.0,62.0,2,2,Female
158,35.0,91108.0,18.8,0.0,192.0,7.4,0.38,1.7,0.02,0.0,0.33,0.36,0.0,3,0.43,2.3,9372.0,6593.0,17739.0,6901.0,0,1,Male
159,39.0,30979.0,22.6,1.7,279.0,2.7,0.14,3.4,0.09,40.0,0.46,0.24,2.9,1,0.39,1.4,2065.0,1099.0,5881.0,2094.0,1,1,Female
160,38.0,75170.0,89.2,24.3,5.0,4.1,0.75,5.9,0.11,2136.0,0.15,0.0,3.3,1,0.27,0.0,9777.0,9400.0,10217.0,5871.0,2,0,Male
161,46.0,32976.0,22.5,5.8,365.0,5.4,0.0,2.8,0.08,147.0,0.33,0.18,0.0,2,0.63,0.0,3492.0,3805.0,5249.0,555.0,2,0,Male
162,51.0,27772.0,29.9,3.2,133.0,3.4,0.17,3.1,0.06,93.0,0.28,0.12,0.0,7,0.62,0.0,2257.0,1717.0,5472.0,1926.0,2,0,Female
163,44.0,28186.0,24.6,2.9,225.0,6.6,0.15,4.1,0.05,67.0,0.31,0.43,1.8,2,0.5,0.0,1124.0,1278.0,3060.0,705.0,1,0,Female
164,50.0,88666.0,15.8,8.3,272.0,4.2,0.39,3.0,0.05,145.0,0.55,0.69,1.6,4,0.27,3.7,8903.0,13022.0,8579.0,4019.0,1,0,Female
165,40.0,89144.0,23.8,6.3,167.0,0.3,0.3,1.0,0.03,162.0,0.14,0.33,6.3,2,0.11,3.8,4619.0,13032.0,14647.0,2294.0,3,0,Male
166,22.0,30238.0,92.0,18.9,37.0,3.0,1.0,4.1,0.1,1976.0,0.32,0.12,11.7,2,0.52,1.8,3914.0,751.0,1650.0,2492.0,1,0,Female
167,43.0,73082.0,19.8,11.4,255.0,5.3,0.21,3.8,0.07,187.0,0.16,0.45,5.3,1,0.43,0.0,3508.0,6299.0,4891.0,3154.0,0,0,Female
168,25.0,19934.0,61.3,14.6,25.0,0.2,0.61,7.1,0.16,858.0,0.47,0.36,10.7,3,0.31,1.8,810.0,833.0,2832.0,1052.0,0,0,Female
169,28.0,30019.0,79.6,22.6,14.0,4.7,1.0,5.8,0.07,1644.0,0.11,0.5,15.9,4,0.36,0.8,2603.0,701.0,5405.0,2101.0,0,1,Female
170,52.0,80425.0,29.4,11.6,118.0,0.6,0.28,3.2,0.03,325.0,0.6,0.49,6.4,4,0.2,0.0,7871.0,6241.0,11873.0,2434.0,0,1,Female
171,19.0,29431.0,74.9,20.8,6.0,1.3,0.72,6.6,0.13,1644.0,0.39,0.27,10.8,1,0.0,3.0,4155.0,2897.0,2574.0,2647.0,1,0,Male
172,40.0,25426.0,12.5,4.4,270.0,5.5,0.49,2.4,0.06,66.0,0.23,0.53,0.0,2,0.4,0.0,2930.0,1977.0,3457.0,504.0,0,0,Female
173,26.0,83666.0,92.2,19.1,4.0,6.4,0.6,8.6,0.05,1422.0,0.5,0.45,6.6,4,0.19,2.0,9258.0,7420.0,4596.0,1600.0,1,0,Female
174,46.0,84501.0,26.9,6.7,261.0,6.3,0.02,3.5,0.11,168.0,0.3,0.42,1.5,3,0.33,0.0,11665.0,7659.0,16319.0,6526.0,1,0,Male
175,34.0,76055.0,17.4,7.0,161.0,4.5,0.14,1.0,0.06,109.0,0.0,0.23,5.1,4,0.26,0.0,3907.0,1910.0,7459.0,5176.0,3,0,Male
176,30.0,78387.0,81.5,25.2,1.0,2.7,0.9,8.4,0.12,1767.0,0.18,0.31,11.2,4,0.43,0.0,9103.0,10677.0,13672.0,147.0,3,0,Male
177,39.0,116210.0,16.6,10.5,164.0,6.1,0.13,4.2,0.09,149.0,0.23,0.23,8.2,3,0.56,3.6,11082.0,17103.0,23072.0,9864.0,0,0,Male
178,40.0,27058.0,22.0,1.3,310.0,1.4,0.03,5.7,0.15,30.0,0.3,0.38,0.0,4,0.73,0.0,3595.0,3442.0,3179.0,1535.0,1,1,Male
179,38.0,97054.0,22.9,5.3,134.0,2.4,0.18,2.6,0.08,114.0,0.0,0.53,4.5,1,0.49,0.0,2602.0,4257.0,18630.0,1038.0,1,1,Male
180,28.0,23133.0,77.6,26.5,38.0,4.4,0.93,5.7,0.0,2340.0,0.25,0.74,15.8,5,0.3,0.0,3018.0,3142.0,4396.0,1373.0,0,0,Male
181,23.0,24167.0,69.8,27.1,10.0,0.2,0.85,5.2,0.11,2108.0,0.22,0.31,12.0,3,0.31,6.2,1273.0,2800.0,2771.0,1216.0,1,1,Female
182,24.0,21806.0,96.1,16.6,34.0,1.5,0.77,6.1,0.12,1909.0,0.34,0.29,5.8,4,0.14,2.0,2953.0,1622.0,1523.0,2046.0,1,0,Male
183,44.0,88937.0,27.2,4.1,181.0,3.8,0.35,4.0,0.12,124.0,0.43,0.25,0.3,4,0.42,4.7,7483.0,4019.0,13126.0,2318.0,2,2,Male
184,45.0,30869.0,12.4,6.7,254.0,6.0,0.25,3.4,0.07,75.0,0.48,0.48,0.0,2,0.42,6.7,3201.0,1125.0,1828.0,503.0,1,0,Male
185,46.0,86071.0,15.9,5.9,324.0,3.5,0.35,1.8,0.13,92.0,0.33,0.34,0.1,6,0.3,0.0,3862.0,10954.0,10078.0,1904.0,0,1,Female
186,37.0,19312.0,10.4,3.0,252.0,4.2,0.18,3.1,0.0,26.0,0.25,0.17,6.8,3,0.44,0.3,1750.0,1092.0,1675.0,336.0,2,1,Female
187,29.0,82587.0,89.0,21.3,11.0,0.7,0.72,5.4,0.01,1875.0,0.42,0.43,7.7,2,0.33,4.2,4765.0,2035.0,10764.0,6434.0,4,2,Male
188,25.0,27865.0,84.1,19.3,40.0,1.6,0.57,6.9,0.1,1427.0,0.31,0.31,10.0,1,0.4,6.3,679.0,2269.0,3931.0,374.0,0,1,Female
189,38.0,79774.0,90.6,24.8,18.0,3.2,0.94,6.7,0.09,2268.0,0.47,0.42,12.1,3,0.51,0.0,9316.0,10442.0,6239.0,3099.0,1,2,Female
190,28.0,74476.0,70.2,26.0,17.0,4.5,0.84,7.2,0.09,2155.0,0.48,0.47,10.6,8,0.51,0.0,1785.0,10767.0,5742.0,3066.0,0,0,Male
191,22.0,28826.0,72.7,9.9,31.0,0.2,0.63,5.1,0.08,619.0,0.39,0.28,1.9,1,0.4,2.6,2986.0,3083.0,4396.0,2363.0,2,1,Female
192,25.0,34945.0,73.4,13.7,14.0,2.6,0.42,4.5,0.04,1087.0,0.37,0.79,7.7,4,0.28,0.0,2254.0,4196.0,4827.0,711.0,2,0,Male
193,38.0,86541.0,22.4,5.1,125.0,1.8,0.18,2.4,0.12,126.0,0.37,0.48,3.6,5,0.39,1.0,4133.0,4860.0,8346.0,3674.0,1,1,Female
194,29.0,22904.0,64.2,21.2,22.0,2.6,0.95,4.0,0.01,1238.0,0.43,0.14,10.3,4,0.42,0.0,1587.0,1807.0,3940.0,1145.0,3,2,Female
195,32.0,103468.0,74.7,25.5,1.0,1.5,0.72,4.8,0.04,1607.0,0.18,0.53,16.6,3,0.4,7.4,10164.0,6952.0,13159.0,5231.0,0,0,Female
196,41.0,80619.0,17.4,8.7,272.0,5.1,0.23,4.2,0.14,163.0,0.43,0.38,2.2,1,0.09,3.1,10685.0,11981.0,9454.0,1974.0,2,0,Male
197,47.0,81055.0,16.0,7.3,197.0,3.6,0.29,4.0,0.1,121.0,0.17,0.16,1.5,1,0.21,3.9,3653.0,12071.0,12167.0,2764.0,1,0,Female
198,49.0,31714.0,19.5,3.9,259.0,4.3,0.13,2.4,0.08,75.0,0.2,0.49,0.8,1,0.36,4.5,1799.0,3646.0,4825.0,364.0,2,0,Male
199,41.0,32998.0,25.2,5.4,123.0,4.4,0.23,2.4,0.03,159.0,0.02,0.98,8.3,4,0.59,2.9,734.0,4285.0,2171.0,2470.0,3,0,Male
200,44.0,68600.0,31.6,5.2,239.0,1.5,0.2,5.4,0.0,174.0,0.22,0.43,2.2,4,0.13,2.3,7519.0,8598.0,6071.0,1880.0,0,1,Female
201,25.0,33656.0,94.6,18.9,42.0,0.2,0.67,6.3,0.12,1433.0,0.48,0.49,8.9,4,0.49,4.6,1448.0,2365.0,1828.0,2012.0,3,0,Male
202,50.0,28371.0,23.4,3.0,177.0,8.7,0.3,1.9,0.15,79.0,0.28,0.29,3.2,3,0.36,1.5,2782.0,1711.0,3376.0,674.0,2,1,Male
203,19.0,24943.0,79.3,14.6,36.0,2.0,0.68,4.0,0.13,1326.0,0.52,0.27,7.4,1,0.39,10.3,534.0,1735.0,1853.0,1730.0,1,0,Male
204,43.0,30359.0,22.1,1.4,215.0,6.7,0.0,3.2,0.08,26.0,0.28,0.23,3.2,0,0.36,0.0,1880.0,1658.0,3681.0,3003.0,2,0,Male
205,36.0,28455.0,81.8,18.7,25.0,3.8,0.69,5.9,0.11,1314.0,0.22,0.0,10.2,6,0.27,1.0,1524.0,1841.0,2718.0,2725.0,2,1,Female
206,55.0,73475.0,13.1,9.3,232.0,5.1,0.26,3.9,0.12,120.0,0.23,0.38,2.2,2,0.45,4.4,5755.0,4034.0,10544.0,4300.0,2,1,Female
207,22.0,29619.0,67.0,14.6,6.0,3.2,0.87,2.9,0.05,804.0,0.31,0.5,8.0,2,0.62,0.0,1489.0,3077.0,5395.0,2306.0,0,1,Female
208,21.0,27839.0,73.7,27.5,21.0,0.5,0.73,4.0,0.03,1818.0,0.29,0.42,15.7,1,0.27,6.1,3359.0,3789.0,3325.0,833.0,0,0,Female
209,18.0,28942.0,84.5,24.4,27.0,1.6,0.71,4.9,0.1,1891.0,0.2,0.27,13.0,1,0.62,5.3,3143.0,3351.0,3299.0,2741.0,0,0,Male
210,53.0,30869.0,30.4,3.9,321.0,2.4,0.13,1.5,0.1,130.0,0.5,0.39,0.6,1,0.32,8.0,2770.0,1097.0,4595.0,1967.0,1,4,Female
211,55.0,20865.0,23.3,3.0,269.0,6.8,0.29,5.2,0.11,79.0,0.44,0.22,0.0,2,0.35,2.6,682.0,768.0,2453.0,1185.0,1,0,Female
212,28.0,18710.0,85.8,12.9,33.0,3.7,0.84,4.0,0.1,1147.0,0.27,0.52,5.1,1,0.39,10.4,1140.0,1583.0,1494.0,584.0,1,1,Female
213,23.0,91658.0,91.6,24.1,16.0,3.4,0.99,6.8,0.02,1811.0,0.43,0.21,17.4,2,0.56,0.0,9309.0,5225.0,8631.0,3558.0,1,0,Female
214,25.0,18319.0,76.2,17.1,36.0,1.8,0.53,5.6,0.05,1536.0,0.21,0.21,6.0,7,0.35,4.0,2563.0,2440.0,995.0,710.0,1,0,Female
215,47.0,31779.0,11.3,5.3,185.0,2.0,0.19,3.0,0.03,57.0,0.16,0.62,0.0,2,0.33,4.0,2022.0,998.0,5785.0,1965.0,2,1,Male
216,34.0,84827.0,14.1,13.3,235.0,2.4,0.16,5.5,0.01,179.0,0.42,0.34,0.8,5,0.16,0.0,6469.0,12582.0,12065.0,5839.0,2,1,Male
217,23.0,18322.0,67.6,7.6,26.0,0.8,0.56,6.0,0.04,543.0,0.22,0.62,2.7,3,0.46,0.0,2242.0,431.0,2514.0,1719.0,2,0,Male
218,37.0,86673.0,36.8,1.7,235.0,5.1,0.25,1.9,0.01,61.0,0.57,0.03,4.7,5,0.43,3.3,3210.0,7143.0,8982.0,5186.0,1,0,Female
219,20.0,18975.0,74.5,19.8,12.0,1.3,0.7,3.2,0.14,1633.0,0.26,0.33,9.8,4,0.57,0.8,2519.0,1422.0,2635.0,1262.0,2,2,Male
220,34.0,79389.0,76.9,27.5,13.0,3.0,0.68,7.4,0.0,1893.0,0.45,0.25,13.5,7,0.38,9.5,3123.0,10764.0,4709.0,986.0,2,0,Male
221,43.0,24208.0,15.0,3.4,266.0,3.7,0.1,3.2,0.14,57.0,0.0,0.08,0.0,1,0.38,0.0,2202.0,3575.0,3754.0,37.0,2,0,Female
222,40.0,27173.0,20.3,3.2,314.0,5.2,0.33,1.7,0.0,67.0,0.33,0.37,7.6,5,0.35,11.3,1139.0,4034.0,3236.0,1182.0,0,0,Female
223,47.0,27397.0,28.0,3.5,278.0,6.3,0.23,1.0,0.01,88.0,0.22,0.48,7.0,2,0.71,0.0,2722.0,3688.0,2754.0,1421.0,1,0,Female
224,44.0,26447.0,26.7,6.2,255.0,4.5,0.51,1.0,0.07,152.0,0.34,0.09,2.4,3,0.28,6.7,3949.0,2629.0,3649.0,2197.0,2,1,Male
225,43.0,97838.0,28.3,1.2,293.0,4.5,0.41,3.1,0.1,32.0,0.45,0.49,4.3,3,0.45,5.9,13636.0,7638.0,10274.0,4385.0,0,1,Male
226,36.0,87732.0,80.2,26.5,8.0,0.2,0.62,6.4,0.07,2135.0,0.39,0.44,13.4,4,0.44,2.8,9092.0,9303.0,9476.0,776.0,2,2,Male
227,26.0,21246.0,82.3,12.0,34.0,0.2,0.62,3.3,0.0,906.0,0.29,0.0,1.8,2,0.43,0.6,568.0,2443.0,1402.0,1658.0,2,0,Male
228,38.0,83768.0,21.1,5.9,257.0,4.2,0.16,5.3,0.04,130.0,0.24,0.45,0.1,8,0.33,0.0,4177.0,5694.0,11010.0,317.0,0,1,Female
229,42.0,73546.0,9.9,7.3,249.0,3.4,0.1,3.1,0.1,62.0,0.42,0.14,1.4,4,0.59,0.0,3433.0,8227.0,7203.0,6854.0,1,0,Female
230,22.0,14292.0,88.7,21.4,5.0,1.8,0.87,4.8,0.16,2212.0,0.17,0.0,9.1,2,0.27,11.6,748.0,2036.0,1069.0,663.0,0,0,Female
231,34.0,84355.0,90.6,18.4,9.0,2.1,0.87,6.8,0.04,1758.0,0.44,0.28,10.7,5,0.5,5.3,5288.0,11648.0,8950.0,4049.0,1,1,Female
232,38.0,72671.0,11.0,2.9,236.0,5.8,0.54,4.7,0.02,28.0,0.56,0.11,4.1,2,0.12,7.5,2743.0,7769.0,12131.0,6047.0,4,1,Female
233,36.0,17698.0,21.2,4.7,233.0,3.5,0.19,1.0,0.12,90.0,0.24,0.36,3.6,3,0.43,3.4,2339.0,878.0,1540.0,1049.0,1,2,Male
234,26.0,25032.0,73.2,26.9,25.0,4.9,0.87,4.7,0.09,1766.0,0.43,0.52,10.9,9,0.05,1.0,2846.0,590.0,1438.0,1921.0,2,2,Female
235,41.0,36143.0,27.5,2.4,162.0,5.8,0.0,3.9,0.05,73.0,0.34,0.48,0.0,2,0.53,7.4,4209.0,4582.0,3136.0,359.0,0,0,Female
236,40.0,98464.0,96.6,23.7,26.0,2.1,0.87,7.8,0.11,2160.0,0.64,0.34,18.6,5,0.37,0.0,7590.0,9488.0,7100.0,1454.0,3,0,Female
237,21.0,24681.0,85.2,18.1,18.0,3.6,0.83,3.2,0.09,1384.0,0.23,0.22,12.5,3,0.44,5.9,2541.0,1940.0,1370.0,830.0,2,1,Male
238,34.0,89984.0,88.2,21.5,10.0,3.6,0.84,8.8,0.14,1848.0,0.4,0.37,12.1,1,0.43,3.6,5275.0,5270.0,12921.0,5870.0,2,2,Female
239,46.0,22853.0,20.4,5.1,217.0,5.1,0.47,2.6,0.04,123.0,0.33,0.48,5.2,2,0.55,0.9,1085.0,2097.0,3132.0,2168.0,1,2,Female
240,25.0,34262.0,86.1,26.2,11.0,4.7,0.9,4.9,0.06,1998.0,0.31,0.17,13.6,1,0.34,0.0,1151.0,1764.0,2095.0,2516.0,1,2,Male
241,37.0,73258.0,87.8,17.1,13.0,7.3,1.0,4.1,0.0,1308.0,0.09,0.39,7.4,1,0.32,0.1,3172.0,5126.0,6263.0,5972.0,0,0,Female
242,36.0,82818.0,80.3,22.1,25.0,3.2,0.56,5.9,0.08,1673.0,0.24,0.44,10.2,4,0.34,9.1,12032.0,11936.0,11734.0,819.0,2,2,Female
243,42.0,96351.0,8.3,4.6,339.0,0.9,0.17,1.0,0.07,34.0,0.23,0.57,5.9,0,0.32,4.6,6731.0,4137.0,13048.0,6285.0,1,1,Female
244,27.0,19409.0,70.0,22.1,3.0,0.6,0.62,8.7,0.05,1603.0,0.19,0.45,8.4,1,0.53,1.4,877.0,2869.0,2117.0,366.0,3,0,Female
245,46.0,73170.0,30.5,6.7,177.0,8.2,0.41,2.6,0.02,188.0,0.48,0.78,0.0,2,0.41,0.7,4886.0,6717.0,8593.0,3081.0,3,0,Female
246,24.0,87832.0,81.8,16.1,21.0,1.2,0.7,7.8,0.1,1176.0,0.19,0.67,10.8,3,0.65,0.0,8347.0,4969.0,7450.0,4910.0,1,1,Male
247,18.0,28569.0,67.2,12.8,18.0,2.5,0.91,6.1,0.05,768.0,0.14,0.12,3.5,5,0.3,0.0,4170.0,658.0,3216.0,381.0,1,0,Female
248,41.0,23856.0,21.9,5.6,259.0,7.6,0.33,2.5,0.09,147.0,0.4,0.48,2.0,3,0.49,0.0,3151.0,2227.0,2692.0,283.0,1,1,Male
249,34.0,92115.0,12.9,8.1,145.0,5.9,0.0,4.9,0.02,108.0,0.1,0.56,1.7,4,0.49,2.7,11030.0,4640.0,9345.0,4196.0,1,1,Male
250,49.0,88206.0,7.0,4.6,200.0,6.9,0.19,4.1,0.02,31.0,0.13,0.56,6.0,5,0.52,2.2,9821.0,10024.0,11404.0,1203.0,1,2,Male
251,23.0,38335.0,73.5,14.0,19.0,0.2,0.87,2.7,0.08,869.0,0.0,0.38,9.4,3,0.35,0.0,3760.0,1866.0,2364.0,1489.0,2,2,Female
252,38.0,85103.0,63.7,24.4,11.0,3.8,0.71,8.3,0.11,1754.0,0.28,0.55,14.2,4,0.27,4.3,3668.0,3986.0,7079.0,7845.0,1,1,Male
253,35.0,90242.0,70.1,27.6,17.0,6.1,0.71,5.5,0.17,2050.0,0.37,0.31,16.5,1,0.63,5.6,5920.0,12954.0,16865.0,4419.0,1,1,Female
254,34.0,88000.0,25.3,9.1,210.0,2.0,0.26,4.2,0.08,261.0,0.32,0.59,3.4,2,0.27,0.0,7946.0,2338.0,6890.0,3613.0,2,1,Male
255,19.0,18517.0,80.5,19.5,15.0,2.9,0.7,4.4,0.08,1813.0,0.33,0.42,12.9,1,0.59,0.0,1212.0,2486.0,2447.0,295.0,1,2,Female
256,45.0,30853.0,14.3,4.6,245.0,6.3,0.2,1.6,0.09,68.0,0.12,0.29,0.4,4,0.28,10.1,1537.0,2779.0,3885.0,2950.0,2,2,Male
257,38.0,81631.0,13.6,10.9,137.0,2.2,0.0,3.2,0.1,148.0,0.24,0.27,2.5,4,0.29,0.0,5822.0,5838.0,8155.0,5233.0,3,1,Female
258,37.0,94080.0,78.6,27.6,12.0,6.3,0.69,6.5,0.17,2601.0,0.51,0.42,11.4,4,0.39,0.0,4517.0,12762.0,16133.0,6498.0,0,1,Female
259,51.0,70157.0,19.5,10.2,300.0,8.4,0.0,2.4,0.12,164.0,0.44,0.45,7.0,3,0.54,1.9,5819.0,6521.0,8585.0,1542.0,0,0,Female
260,48.0,16050.0,7.4,8.0,307.0,5.1,0.29,4.3,0.05,48.0,0.46,0.55,4.0,5,0.48,0.7,1958.0,1802.0,2663.0,337.0,3,2,Female
261,30.0,74965.0,100.0,27.7,14.0,3.3,0.87,5.6,0.05,2840.0,0.31,0.47,17.1,4,0.33,0.0,2918.0,7559.0,10303.0,4821.0,1,2,Female
262,31.0,92683.0,72.4,19.0,19.0,6.4,0.69,4.4,0.04,1124.0,0.06,0.68,10.0,0,0.26,0.0,5928.0,3582.0,15020.0,3518.0,2,1,Male
263,36.0,29360.0,20.3,4.0,190.0,2.0,0.41,4.4,0.04,89.0,0.27,0.18,0.0,3,0.25,3.2,1471.0,813.0,4355.0,14.0,1,0,Female
264,29.0,26657.0,86.8,13.9,18.0,3.8,0.82,2.6,0.22,1358.0,0.13,0.38,7.8,2,0.39,3.7,2677.0,1855.0,3169.0,1184.0,2,0,Female
265,21.0,19554.0,84.6,15.1,23.0,4.2,0.58,2.4,0.09,1036.0,0.36,0.42,5.1,3,0.5,2.5,2469.0,2749.0,3435.0,1872.0,1,0,Male
266,30.0,23926.0,87.3,17.2,6.0,0.2,0.76,2.6,0.11,1236.0,0.24,0.01,3.6,3,0.38,3.9,2443.0,3243.0,1950.0,566.0,0,0,Male
267,23.0,89818.0,81.7,17.6,24.0,5.4,0.82,8.5,0.05,1690.0,0.0,0.15,5.9,5,0.4,4.8,7419.0,9517.0,15506.0,1044.0,3,1,Male
268,37.0,91180.0,81.4,21.3,13.0,2.7,0.74,5.1,0.02,1631.0,0.28,0.21,12.6,2,0.56,9.1,7055.0,10524.0,10050.0,993.0,3,0,Male
269,40.0,25871.0,12.4,4.9,202.0,5.2,0.0,5.1,0.14,54.0,0.14,0.26,5.4,3,0.5,3.1,2420.0,1415.0,2824.0,460.0,1,1,Male
270,40.0,81978.0,70.2,25.5,18.0,2.9,1.0,7.0,0.06,1866.0,0.35,0.51,12.4,3,0.56,9.6,7216.0,2044.0,14336.0,6990.0,1,1,Male
271,29.0,91521.0,88.1,21.5,25.0,4.0,0.83,2.9,0.01,1646.0,0.43,0.13,11.5,4,0.47,7.9,12053.0,7583.0,7331.0,4171.0,2,0,Male
272,32.0,29170.0,75.5,19.6,12.0,7.4,0.65,5.2,0.1,1383.0,0.45,0.55,11.6,1,0.59,2.8,1373.0,3940.0,4948.0,2813.0,2,1,Male
273,34.0,31310.0,80.1,15.2,27.0,1.9,0.84,7.6,0.11,1222.0,0.42,0.0,9.1,5,0.57,0.0,681.0,3351.0,1741.0,2096.0,1,0,Female
274,32.0,12425.0,78.5,13.5,25.0,1.8,1.0,5.0,0.07,898.0,0.32,0.32,2.5,7,0.57,5.4,405.0,476.0,1932.0,1143.0,1,0,Female
275,37.0,80795.0,26.1,3.1,276.0,6.8,0.47,4.8,0.11,88.0,0.0,0.72,0.0,3,0.33,0.0,1912.0,8649.0,10756.0,6112.0,2,1,Male
276,42.0,83426.0,6.8,4.3,298.0,0.2,0.22,1.0,0.0,25.0,0.49,0.36,6.1,7,0.42,0.0,8479.0,7290.0,11777.0,2186.0,0,1,Male
277,37.0,88390.0,3.7,4.3,167.0,4.4,0.36,3.9,0.11,17.0,0.09,0.53,3.1,5,0.4,0.9,6925.0,4285.0,7814.0,6555.0,3,1,Male
278,44.0,93268.0,8.2,5.5,211.0,4.2,0.17,3.9,0.04,47.0,0.18,0.15,4.2,6,0.41,0.2,12909.0,12479.0,13649.0,360.0,1,3,Male
279,38.0,88405.0,73.1,20.7,29.0,3.0,0.53,4.1,0.11,1343.0,0.27,0.34,13.3,8,0.54,0.0,12064.0,1951.0,4476.0,4199.0,0,3,Female
280,36.0,103158.0,19.2,2.3,163.0,2.2,0.29,3.2,0.13,37.0,0.34,0.45,4.7,1,0.53,0.0,2158.0,14186.0,12351.0,3051.0,3,1,Female
281,62.0,19814.0,26.8,2.3,229.0,3.7,0.24,3.1,0.06,56.0,0.34,0.37,1.5,0,0.24,0.0,1815.0,832.0,1735.0,175.0,2,0,Female
282,28.0,25621.0,88.6,23.1,20.0,1.8,0.97,7.7,0.0,1965.0,0.56,0.3,12.5,5,0.23,6.5,2874.0,2987.0,3860.0,2360.0,2,0,Male
283,50.0,93993.0,28.0,9.8,233.0,4.1,0.02,4.9,0.07,289.0,0.13,0.5,5.9,1,0.34,3.8,7772.0,12968.0,7466.0,5208.0,2,0,Male
284,20.0,33566.0,73.8,21.5,27.0,1.6,0.97,4.0,0.1,1766.0,0.32,0.35,11.6,3,0.34,5.8,789.0,4761.0,3230.0,82.0,0,1,Male
285,27.0,20368.0,69.2,23.6,30.0,0.7,0.67,7.3,0.0,1722.0,0.13,0.29,13.9,2,0.2,10.4,1996.0,2235.0,2621.0,1786.0,1,1,Male
286,38.0,32377.0,18.2,6.6,227.0,1.2,0.36,2.5,0.14,127.0,0.26,0.49,2.4,2,0.66,0.0,750.0,3653.0,2264.0,3013.0,1,1,Male
287,29.0,29282.0,73.7,14.6,30.0,4.7,0.92,2.3,0.09,1149.0,0.31,0.38,12.2,1,0.58,4.8,4295.0,3593.0,4236.0,772.0,1,1,Female
288,27.0,30387.0,86.0,21.8,29.0,3.1,0.74,3.8,0.12,1997.0,0.43,0.55,10.8,4,0.24,1.4,1600.0,1271.0,2857.0,2688.0,0,0,Female
289,29.0,26916.0,88.2,12.3,1.0,6.3,0.67,4.6,0.09,1139.0,0.23,0.25,6.7,1,0.48,0.0,3190.0,2640.0,1875.0,2014.0,3,1,Female
290,47.0,23790.0,26.3,5.1,238.0,8.3,0.11,3.9,0.06,113.0,0.36,0.46,4.3,0,0.58,6.4,3111.0,1044.0,1244.0,1844.0,0,0,Female
291,35.0,99723.0,80.4,16.7,7.0,0.2,0.76,6.2,0.06,1128.0,0.48,0.36,10.9,2,0.28,9.9,4107.0,14605.0,11107.0,4528.0,0,0,Male
292,45.0,22021.0,10.3,5.5,186.0,6.5,0.16,1.0,0.03,50.0,0.1,0.48,1.3,3,0.45,2.5,2032.0,543.0,1651.0,500.0,1,2,Female
293,30.0,86306.0,100.0,13.8,19.0,0.2,0.74,6.9,0.02,1405.0,0.26,0.24,6.5,6,0.25,3.2,7392.0,4578.0,15093.0,1255.0,2,2,Female
294,50.0,19338.0,19.0,3.6,154.0,6.2,0.0,3.3,0.1,71.0,0.09,0.28,0.0,5,0.34,0.0,2002.0,1416.0,3011.0,1131.0,4,3,Male
295,33.0,74150.0,13.0,10.2,160.0,3.7,0.35,5.9,0.11,120.0,0.21,0.14,2.1,1,0.34,0.0,10263.0,8372.0,6368.0,6974.0,5,1,Male
296,18.0,22006.0,80.1,20.2,5.0,0.2,0.68,6.7,0.02,1435.0,0.28,0.31,10.3,2,0.0,0.0,2054.0,1795.0,3401.0,1518.0,0,2,Male
297,33.0,77857.0,68.5,16.6,17.0,1.7,0.8,5.4,0.08,1252.0,0.47,0.5,13.9,1,0.34,5.4,5084.0,10419.0,12957.0,7384.0,1,0,Male
298,46.0,20481.0,31.1,2.2,268.0,5.8,0.07,1.1,0.16,74.0,0.33,0.47,0.0,4,0.3,2.4,948.0,2590.0,3653.0,87.0,4,0,Female
299,24.0,19579.0,76.1,31.6,19.0,3.3,0.66,6.0,0.08,2049.0,0.31,0.45,19.2,5,0.13,4.0,1105.0,2186.0,3463.0,1853.0,0,1,Female
300,39.0,32042.0,27.3,5.0,199.0,7.3,0.0,3.6,0.09,151.0,0.37,0.68,0.0,4,0.4,1.6,1619.0,1696.0,4059.0,2884.0,1,1,Female
301,18.0,30390.0,66.2,19.8,15.0,1.8,0.79,5.8,0.04,1121.0,0.38,0.52,9.9,5,0.16,0.0,3828.0,3814.0,1643.0,2124.0,2,1,Female
302,49.0,16220.0,28.9,3.7,330.0,5.0,0.39,1.0,0.15,99.0,0.45,0.28,3.8,1,0.55,7.2,2278.0,1499.0,1545.0,1114.0,0,1,Male
303,35.0,88933.0,13.0,3.7,134.0,5.7,0.44,2.6,0.11,58.0,0.24,0.31,0.2,1,0.2,0.0,12561.0,7705.0,6644.0,3392.0,1,0,Female
304,40.0,26327.0,22.0,4.4,265.0,4.6,0.01,5.4,0.03,95.0,0.36,0.72,0.0,3,0.71,3.7,2569.0,1295.0,1860.0,672.0,0,1,Female
305,29.0,28997.0,81.4,14.1,32.0,0.2,0.74,6.9,0.11,1274.0,0.34,0.27,12.5,1,0.61,6.8,738.0,3565.0,3541.0,1818.0,1,1,Female
306,19.0,29385.0,76.4,13.2,5.0,0.2,0.7,8.1,0.05,1092.0,0.46,0.45,2.1,5,0.59,13.7,2580.0,2950.0,2422.0,123.0,1,1,Male
307,41.0,31724.0,24.5,4.6,206.0,5.6,0.14,2.8,0.12,124.0,0.37,0.05,0.5,4,0.16,0.0,4288.0,3274.0,5932.0,3072.0,6,0,Male
308,41.0,90517.0,15.2,4.0,193.0,4.2,0.4,2.0,0.04,49.0,0.46,0.7,0.0,3,0.3,3.5,7288.0,10885.0,11265.0,118.0,0,2,Female
309,47.0,88613.0,29.2,11.4,146.0,5.1,0.42,1.3,0.08,323.0,0.23,0.35,4.5,3,0.46,0.0,12638.0,4400.0,9796.0,8372.0,0,0,Female
310,24.0,22477.0,86.4,13.3,21.0,1.5,0.77,6.6,0.11,1156.0,0.22,0.61,4.0,4,0.74,5.3,1073.0,748.0,2232.0,1572.0,0,0,Female
311,48.0,88048.0,13.7,6.7,233.0,3.9,0.14,5.9,0.02,86.0,0.24,0.24,2.0,2,0.55,0.0,6150.0,3926.0,16304.0,6802.0,3,0,Female
312,42.0,95929.0,19.4,6.7,157.0,2.7,0.49,3.3,0.02,142.0,0.16,0.42,0.0,6,0.27,3.0,6969.0,13705.0,14377.0,5203.0,0,0,Female
313,40.0,87171.0,93.7,16.4,19.0,0.2,0.44,7.4,0.06,1677.0,0.22,0.4,10.5,4,0.37,0.2,2606.0,4678.0,9644.0,7410.0,0,0,Male
314,35.0,13565.0,33.7,1.9,174.0,4.6,0.0,3.4,0.14,57.0,0.24,0.55,0.9,1,0.43,0.1,1020.0,1660.0,1683.0,220.0,2,3,Male
315,45.0,91896.0,10.7,10.1,236.0,4.1,0.37,3.3,0.15,122.0,0.73,0.64,2.9,3,0.16,0.0,11447.0,5479.0,7672.0,4349.0,2,0,Male
316,28.0,94742.0,89.6,28.2,17.0,0.8,0.97,7.8,0.07,2190.0,0.29,0.34,13.2,1,0.48,0.0,13556.0,10593.0,15914.0,3017.0,1,1,Male
317,22.0,25952.0,88.5,23.1,29.0,1.9,0.78,5.9,0.0,1904.0,0.46,0.61,12.5,0,0.46,2.0,3274.0,3731.0,4042.0,1022.0,2,0,Female
318,52.0,34506.0,23.4,4.3,273.0,7.4,0.25,5.1,0.11,108.0,0.0,0.19,1.7,3,0.24,8.1,4914.0,3910.0,6341.0,1079.0,0,1,Female
319,25.0,13637.0,71.3,15.3,27.0,1.5,0.84,4.5,0.07,1307.0,0.18,0.66,8.6,6,0.43,0.0,1116.0,2012.0,782.0,1029.0,1,1,Male
320,45.0,24885.0,17.9,3.0,226.0,4.7,0.43,2.3,0.11,54.0,0.1,0.47,3.7,4,0.4,0.0,829.0,2403.0,1371.0,262.0,2,2,Female
321,23.0,38015.0,74.5,23.5,6.0,3.0,0.86,3.2,0.16,2027.0,0.27,0.33,15.5,6,0.61,2.9,875.0,5526.0,3306.0,2680.0,1,1,Female
322,50.0,25075.0,27.9,5.4,246.0,0.3,0.29,1.0,0.11,121.0,0.13,0.3,5.3,5,0.54,2.2,3675.0,2126.0,3132.0,1924.0,1,2,Male
323,46.0,92721.0,93.3,26.2,22.0,4.7,0.79,7.1,0.11,2787.0,0.22,0.33,9.7,2,0.28,7.7,5600.0,11521.0,16546.0,9179.0,0,0,Female
324,29.0,83412.0,88.7,28.3,9.0,4.3,0.95,7.4,0.01,2076.0,0.06,0.7,14.1,4,0.35,0.0,11526.0,9462.0,7382.0,874.0,3,1,Male
325,52.0,21561.0,15.7,4.4,338.0,3.3,0.26,3.2,0.09,80.0,0.22,0.12,2.4,4,0.3,0.0,1460.0,2328.0,3396.0,1332.0,2,2,Female
326,31.0,89850.0,76.7,23.4,7.0,3.5,0.78,3.8,0.0,1852.0,0.02,0.31,15.8,5,0.4,8.4,10457.0,12639.0,12364.0,407.0,1,1,Female
327,31.0,13149.0,75.4,23.0,19.0,3.9,0.8,8.5,0.09,1861.0,0.21,0.22,10.3,4,0.55,0.0,1397.0,1329.0,2402.0,958.0,3,0,Female
328,41.0,86528.0,11.4,5.8,201.0,4.5,0.28,4.0,0.05,54.0,0.57,0.45,0.0,4,0.32,0.0,2753.0,9041.0,5266.0,5666.0,1,0,Female
329,60.0,28104.0,37.3,3.3,198.0,5.0,0.42,4.0,0.01,138.0,0.18,0.56,5.0,5,0.42,1.1,3343.0,1325.0,3411.0,192.0,2,0,Male
330,42.0,85039.0,9.2,2.3,296.0,2.0,0.17,3.3,0.13,25.0,0.38,0.63,0.9,3,0.44,0.0,7123.0,3563.0,13850.0,7601.0,2,0,Female
331,34.0,99597.0,97.6,25.5,16.0,3.1,0.74,5.1,0.09,2960.0,0.35,0.18,14.4,2,0.42,6.4,3176.0,6860.0,7180.0,4215.0,0,1,Male
332,45.0,95226.0,24.2,6.1,207.0,2.5,0.14,1.9,0.05,167.0,0.35,0.32,7.2,2,0.12,8.5,10691.0,8984.0,14962.0,9385.0,2,0,Female
333,50.0,99999.0,11.0,1.9,158.0,5.5,0.29,1.8,0.02,24.0,0.27,0.4,0.0,1,0.72,9.3,14555.0,13433.0,11237.0,7482.0,1,0,Male
334,27.0,92982.0,88.6,29.0,16.0,4.4,0.95,5.8,0.08,2170.0,0.2,0.44,15.0,1,0.52,3.7,13809.0,9521.0,5828.0,3656.0,2,2,Female
335,47.0,29784.0,19.2,8.0,250.0,3.0,0.2,3.9,0.05,123.0,0.29,0.42,5.4,2,0.42,4.6,1919.0,793.0,3616.0,1677.0,5,0,Male
336,33.0,98484.0,99.3,30.8,3.0,0.2,0.86,7.9,0.07,2947.0,0.07,0.37,14.9,2,0.39,9.1,2645.0,10443.0,10907.0,5072.0,3,1,Female
337,27.0,25848.0,91.3,21.0,18.0,1.4,0.88,5.9,0.0,2150.0,0.16,0.41,8.7,3,0.41,0.0,1990.0,3665.0,4190.0,1052.0,5,1,Female
338,46.0,95299.0,5.3,7.1,256.0,3.9,0.22,3.8,0.11,31.0,0.32,0.27,9.7,1,0.49,7.5,9163.0,13579.0,9419.0,5687.0,3,0,Male
339,45.0,31997.0,19.9,4.4,151.0,3.0,0.16,5.0,0.07,72.0,0.17,0.39,2.2,4,0.65,9.7,4564.0,1608.0,3547.0,2554.0,5,0,Male
340,43.0,95625.0,16.2,7.1,191.0,7.2,0.46,4.9,0.08,95.0,0.34,0.48,6.3,6,0.53,1.2,13218.0,13518.0,9653.0,4431.0,0,1,Male
341,40.0,27297.0,27.2,5.9,365.0,3.0,0.05,3.1,0.09,169.0,0.57,0.26,1.4,4,0.52,0.0,3710.0,1309.0,3300.0,2050.0,0,0,Male
342,40.0,82842.0,63.7,28.4,16.0,4.8,0.81,4.8,0.1,2057.0,0.0,0.47,18.3,3,0.36,4.8,5631.0,12074.0,13500.0,5565.0,1,1,Female
343,26.0,26484.0,71.2,16.3,28.0,3.1,0.99,2.5,0.13,1065.0,0.44,0.0,12.2,5,0.34,2.5,2055.0,965.0,1429.0,1697.0,3,1,Female
344,18.0,29108.0,91.5,22.3,15.0,1.0,0.88,5.8,0.01,1665.0,0.17,0.37,9.0,5,0.33,0.3,1860.0,1425.0,2493.0,1008.0,4,0,Male
345,25.0,32492.0,79.1,18.7,25.0,1.8,0.81,5.8,0.03,1240.0,0.2,0.41,8.6,2,0.62,5.3,4123.0,1556.0,3961.0,2112.0,2,0,Female
346,29.0,94747.0,79.7,18.2,20.0,5.1,0.87,6.1,0.15,1734.0,0.13,0.14,9.6,3,0.32,0.0,9617.0,6354.0,12313.0,5729.0,3,0,Male
347,30.0,26690.0,75.1,28.0,19.0,0.2,0.95,5.8,0.18,1743.0,0.38,0.79,13.9,4,0.53,2.7,1607.0,718.0,1779.0,887.0,0,0,Male
348,29.0,93269.0,81.0,23.0,22.0,4.0,0.7,7.8,0.07,1988.0,0.41,0.2,12.7,3,0.35,5.3,6656.0,9821.0,7764.0,6818.0,0,1,Male
349,56.0,24988.0,17.6,3.4,275.0,0.2,0.32,4.3,0.0,65.0,0.14,0.52,7.9,3,0.4,0.0,2748.0,3377.0,4095.0,2038.0,1,0,Male
350,38.0,97316.0,83.1,26.7,14.0,2.7,0.87,5.7,0.02,2019.0,0.14,0.18,3.2,2,0.36,2.8,11543.0,12379.0,13573.0,8724.0,3,0,Male
351,49.0,84112.0,10.5,3.9,245.0,3.8,0.18,2.6,0.03,46.0,0.24,0.31,0.0,6,0.47,2.7,2496.0,8289.0,10865.0,7619.0,1,1,Female
352,38.0,84201.0,21.3,2.0,353.0,4.3,0.3,1.8,0.07,45.0,0.59,0.1,0.0,2,0.21,4.6,11333.0,3607.0,10997.0,5839.0,3,1,Male
353,42.0,77572.0,13.1,1.4,192.0,6.3,0.32,4.0,0.11,20.0,0.21,0.27,3.9,0,0.46,0.0,2773.0,9364.0,5440.0,5709.0,0,1,Male
354,29.0,76947.0,81.5,21.4,16.0,1.0,0.72,10.2,0.11,1686.0,0.07,0.35,14.0,1,0.06,5.3,5264.0,5424.0,9130.0,5550.0,1,2,Male
355,33.0,81460.0,74.9,18.2,17.0,1.4,0.49,5.5,0.16,1105.0,0.0,0.29,7.8,6,0.63,13.3,9989.0,8633.0,13679.0,5165.0,1,1,Female
356,47.0,75833.0,16.8,3.9,154.0,4.7,0.12,2.0,0.07,57.0,0.66,0.29,0.8,3,0.64,0.0,6765.0,8527.0,8040.0,5001.0,1,1,Female
357,29.0,109094.0,77.9,24.4,26.0,7.4,0.63,7.3,0.16,2259.0,0.53,0.24,13.3,3,0.35,0.0,4588.0,4694.0,20096.0,10016.0,0,0,Male
358,52.0,78891.0,7.0,8.7,202.0,4.3,0.01,5.4,0.23,72.0,0.36,0.49,6.7,1,0.3,0.0,7382.0,4678.0,12567.0,5740.0,1,1,Female
359,26.0,27291.0,88.2,17.1,25.0,3.3,0.84,7.5,0.14,1756.0,0.26,0.94,6.9,2,0.25,0.0,3527.0,703.0,5314.0,1108.0,0,1,Male
360,47.0,79477.0,17.7,9.4,127.0,4.8,0.15,2.3,0.15,168.0,0.11,0.16,7.7,3,0.36,3.6,7995.0,5499.0,14355.0,1979.0,2,1,Female
361,32.0,89372.0,89.4,24.1,20.0,2.4,0.59,4.7,0.16,2160.0,0.39,0.57,9.1,3,0.23,7.6,9079.0,7992.0,8388.0,5912.0,2,1,Female
362,45.0,80332.0,18.8,7.5,330.0,5.8,0.11,3.9,0.08,140.0,0.06,0.76,0.0,3,0.35,0.0,8569.0,3854.0,9904.0,6602.0,3,2,Female
363,46.0,107047.0,19.7,7.6,203.0,4.3,0.0,2.7,0.09,128.0,0.29,0.0,4.9,0,0.46,0.0,12805.0,14231.0,10988.0,7406.0,2,0,Female
364,27.0,26449.0,8.2,5.4,245.0,3.4,0.07,2.3,0.1,39.0,0.29,0.11,0.0,3,0.4,4.0,1267.0,1958.0,3218.0,2014.0,2,1,Male
365,46.0,29283.0,17.5,3.1,237.0,5.6,0.24,3.5,0.16,51.0,0.15,0.18,4.9,3,0.34,0.0,2010.0,1588.0,2587.0,1294.0,0,1,Male
366,28.0,22467.0,6.8,3.3,244.0,0.6,0.0,3.4,0.06,19.0,0.45,0.36,6.9,1,0.38,0.0,1780.0,2347.0,1487.0,1224.0,1,0,Male
367,41.0,101560.0,14.5,8.5,134.0,4.7,0.2,2.7,0.04,131.0,0.21,0.28,6.3,2,0.2,0.0,8764.0,10020.0,17379.0,5905.0,2,0,Male
368,51.0,23594.0,22.0,4.4,221.0,0.9,0.0,4.9,0.03,102.0,0.45,0.04,0.0,2,0.4,0.0,1571.0,1118.0,1557.0,933.0,0,0,Female
369,19.0,13551.0,70.1,20.3,35.0,3.4,0.81,5.4,0.15,1518.0,0.28,0.32,10.3,2,0.25,0.0,1014.0,622.0,950.0,18.0,1,1,Male
370,24.0,30152.0,79.2,12.8,26.0,5.6,0.89,5.9,0.07,1065.0,0.42,0.12,2.5,3,0.49,1.2,2808.0,636.0,1667.0,1744.0,2,0,Female
371,31.0,76348.0,84.4,20.4,16.0,3.1,0.47,7.6,0.07,2037.0,0.08,0.2,11.7,1,0.46,2.5,2078.0,8262.0,10086.0,5025.0,1,0,Male
372,47.0,26153.0,30.7,8.5,211.0,5.7,0.12,1.0,0.01,238.0,0.13,0.28,4.7,0,0.61,0.0,1158.0,3341.0,1930.0,79.0,2,2,Male
373,46.0,27096.0,9.6,3.7,249.0,1.0,0.29,2.2,0.14,38.0,0.32,0.67,0.6,1,0.37,3.1,3196.0,2340.0,1824.0,2517.0,2,1,Male
374,41.0,95354.0,76.5,29.1,17.0,3.7,0.54,8.0,0.08,2379.0,0.15,0.17,10.3,4,0.33,0.0,10376.0,8552.0,17284.0,1742.0,0,1,Male
375,29.0,89212.0,82.9,22.7,9.0,1.3,0.57,5.6,0.0,2038.0,0.24,0.57,11.5,1,0.18,0.0,2669.0,11825.0,5259.0,3494.0,2,1,Female
376,36.0,79069.0,79.2,22.9,1.0,3.1,0.84,5.7,0.17,1731.0,0.37,0.18,12.8,4,0.24,11.1,11825.0,3778.0,13827.0,7792.0,2,0,Female
377,44.0,30207.0,12.1,3.3,219.0,3.4,0.16,4.5,0.11,43.0,0.32,0.42,0.0,5,0.5,3.2,632.0,1715.0,3031.0,268.0,4,3,Female
378,36.0,84590.0,84.8,21.8,23.0,6.5,0.59,4.3,0.05,2196.0,0.02,0.35,9.3,4,0.28,2.9,4304.0,7898.0,15016.0,1839.0,3,0,Male
379,59.0,22362.0,28.0,2.8,256.0,3.7,0.04,1.0,0.12,80.0,0.22,0.07,3.4,6,0.22,0.0,1221.0,2442.0,1560.0,1944.0,0,0,Female
380,30.0,109422.0,84.5,18.7,9.0,0.2,0.66,4.9,0.12,1496.0,0.49,0.36,11.0,2,0.34,0.0,2803.0,3074.0,9151.0,6187.0,3,1,Female
381,27.0,32655.0,97.6,17.5,16.0,5.8,0.78,7.5,0.03,1406.0,0.58,0.29,7.5,4,0.35,9.3,2948.0,1842.0,1871.0,2649.0,2,1,Female
382,43.0,14846.0,15.4,9.2,211.0,4.1,0.1,1.5,0.03,122.0,0.36,0.62,5.1,2,0.4,3.9,1705.0,1228.0,1925.0,1154.0,2,0,Male
383,34.0,74830.0,83.2,26.4,13.0,3.7,0.92,7.2,0.05,2347.0,0.48,0.39,12.8,6,0.4,2.5,11216.0,8274.0,9614.0,4350.0,1,1,Female
384,25.0,26030.0,72.4,16.9,11.0,1.7,0.72,6.3,0.12,1337.0,0.18,0.28,11.4,2,0.18,6.8,876.0,3077.0,2801.0,304.0,1,0,Female
385,31.0,23765.0,63.5,11.0,18.0,1.3,0.69,6.6,0.14,559.0,0.04,0.35,8.4,6,0.23,10.8,2650.0,2727.0,3433.0,478.0,1,0,Female
386,44.0,22037.0,16.4,2.6,326.0,6.4,0.13,4.1,0.09,42.0,0.16,0.49,2.2,2,0.39,0.0,2653.0,651.0,2731.0,1455.0,0,1,Male
387,38.0,93174.0,12.6,7.9,233.0,4.1,0.23,1.5,0.08,91.0,0.24,0.39,10.1,7,0.75,0.0,4178.0,11196.0,4837.0,7485.0,0,1,Female
388,23.0,24732.0,91.2,21.3,11.0,5.5,0.47,6.7,0.08,1833.0,0.28,0.52,13.1,6,0.57,8.5,3260.0,1972.0,1867.0,145.0,0,0,Female
389,37.0,76618.0,8.6,5.3,200.0,5.0,0.18,6.2,0.06,51.0,0.31,0.63,3.9,2,0.47,0.0,6344.0,9447.0,14524.0,160.0,2,1,Male
390,27.0,30167.0,70.0,23.0,31.0,4.2,0.87,3.9,0.11,1422.0,0.32,0.5,12.1,2,0.58,1.2,3800.0,4413.0,3511.0,2185.0,2,0,Male
391,26.0,25735.0,78.0,22.7,20.0,0.8,0.93,5.2,0.04,1787.0,0.37,0.15,11.5,3,0.5,1.1,2554.0,942.0,1709.0,801.0,3,0,Male
392,30.0,84273.0,68.1,17.8,15.0,4.2,0.69,7.9,0.04,1018.0,0.42,0.3,12.4,4,0.37,0.0,6425.0,3298.0,16016.0,8274.0,3,2,Male
393,40.0,20079.0,25.7,3.8,322.0,5.5,0.17,3.5,0.15,108.0,0.19,0.0,5.6,2,0.49,17.4,2829.0,2845.0,1046.0,151.0,2,0,Female
394,42.0,91546.0,37.4,6.5,243.0,1.3,0.25,1.8,0.11,227.0,0.51,0.16,3.1,1,0.37,0.0,2351.0,12483.0,14046.0,4168.0,0,0,Female
395,32.0,78597.0,100.0,22.1,13.0,5.8,0.79,7.0,0.05,1944.0,0.17,0.05,9.0,2,0.4,0.0,10798.0,5442.0,14520.0,3653.0,2,1,Female
396,48.0,27938.0,22.5,3.1,232.0,1.9,0.39,2.7,0.05,70.0,0.43,0.35,0.0,2,0.22,0.0,3658.0,1372.0,1705.0,1695.0,2,0,Female
397,28.0,86518.0,84.3,23.2,16.0,5.1,0.62,6.3,0.08,2061.0,0.33,0.13,16.0,1,0.41,1.2,6535.0,10633.0,8901.0,6605.0,2,0,Female
398,29.0,87184.0,74.3,10.7,20.0,1.2,0.77,7.7,0.1,865.0,0.33,0.33,9.5,3,0.51,5.0,7682.0,10960.0,13088.0,3678.0,3,0,Male
399,26.0,25467.0,72.2,18.0,5.0,4.6,0.97,10.2,0.1,1208.0,0.22,0.5,6.5,4,0.16,2.6,1251.0,2940.0,3733.0,2247.0,0,1,Female
400,34.0,82269.0,82.9,13.6,14.0,1.6,0.52,4.6,0.12,967.0,0.27,0.34,5.3,2,0.62,1.0,7927.0,4798.0,10190.0,7628.0,2,1,Male
401,33.0,92783.0,88.5,27.7,7.0,3.0,0.66,5.9,0.07,2101.0,0.12,0.38,10.7,2,0.29,2.9,11683.0,3820.0,12117.0,5531.0,1,0,Female
402,40.0,15089.0,26.6,2.1,172.0,0.2,0.03,2.3,0.03,57.0,0.23,0.49,0.0,2,0.29,0.0,2194.0,518.0,1179.0,388.0,1,0,Female
403,35.0,74042.0,20.2,5.0,329.0,2.3,0.16,5.0,0.08,90.0,0.28,0.0,0.7,1,0.23,2.9,7463.0,7635.0,6824.0,6552.0,3,0,Female
404,49.0,30296.0,22.1,2.6,275.0,3.5,0.03,3.3,0.08,51.0,0.29,0.31,0.0,1,0.8,0.0,3607.0,3240.0,5439.0,2775.0,1,2,Female
405,32.0,89098.0,76.4,18.5,14.0,3.1,0.68,4.1,0.12,1460.0,0.33,0.19,10.8,1,0.48,10.7,10249.0,2840.0,10142.0,3208.0,2,1,Male
406,29.0,94905.0,18.9,10.0,198.0,3.5,0.51,1.3,0.1,175.0,0.26,0.44,6.3,1,0.4,1.8,9907.0,3255.0,12541.0,3188.0,3,2,Male
407,39.0,79250.0,78.2,20.4,6.0,4.4,0.6,6.4,0.09,1912.0,0.11,0.31,6.5,2,0.43,14.1,10575.0,7611.0,11701.0,607.0,2,0,Male
408,46.0,83308.0,15.5,8.1,244.0,7.5,0.0,2.2,0.1,126.0,0.38,0.0,3.1,7,0.4,1.0,10359.0,12333.0,13117.0,5576.0,1,0,Male
409,25.0,22112.0,69.7,25.2,9.0,2.9,0.73,2.9,0.15,1861.0,0.33,0.23,12.5,1,0.13,4.3,2105.0,2800.0,3090.0,2023.0,1,1,Female
410,24.0,31017.0,93.7,12.2,35.0,2.1,0.86,4.7,0.19,1132.0,0.49,0.71,4.9,3,0.33,9.7,1348.0,1991.0,1830.0,2341.0,0,0,Male
411,31.0,82030.0,85.1,20.4,22.0,2.6,0.78,8.4,0.08,1613.0,0.33,0.39,5.2,2,0.39,8.0,7457.0,3144.0,7343.0,1428.0,1,2,Female
412,32.0,85034.0,82.0,18.1,30.0,3.2,0.66,8.4,0.12,1302.0,0.44,0.14,11.5,3,0.49,0.4,4703.0,10494.0,5413.0,4326.0,1,0,Male
413,27.0,36414.0,90.3,14.0,13.0,2.6,0.52,7.7,0.14,1513.0,0.19,0.29,3.4,0,0.57,10.1,1578.0,2889.0,5269.0,3008.0,1,1,Male
414,41.0,107179.0,5.1,12.9,127.0,5.6,0.23,1.2,0.04,58.0,0.49,0.36,6.9,3,0.54,5.1,9900.0,10348.0,6542.0,7842.0,1,1,Male
415,25.0,102383.0,85.6,16.2,15.0,0.7,0.68,8.0,0.06,1435.0,0.34,0.1,6.4,1,0.43,0.0,14071.0,11724.0,14278.0,8585.0,1,0,Male
416,26.0,27255.0,64.6,23.8,39.0,4.8,0.62,6.2,0.13,1632.0,0.3,0.17,15.8,4,0.38,2.6,2841.0,1082.0,5427.0,2550.0,2,2,Female
417,30.0,82107.0,91.1,25.7,1.0,3.6,0.86,5.2,0.15,2685.0,0.32,0.34,13.0,4,0.28,0.0,6251.0,6962.0,15245.0,4114.0,0,0,Male
418,24.0,14203.0,67.3,12.5,38.0,0.7,0.94,5.0,0.02,771.0,0.4,0.26,4.1,4,0.14,4.0,1568.0,1705.0,2639.0,926.0,2,0,Female
419,42.0,93050.0,66.7,24.0,23.0,4.0,0.82,9.9,0.0,1300.0,0.22,0.55,15.3,1,0.44,0.0,9891.0,5697.0,13155.0,6587.0,2,1,Female
420,39.0,83481.0,89.9,21.9,14.0,2.1,0.78,6.2,0.07,2329.0,0.34,0.13,10.3,3,0.24,3.6,9093.0,6543.0,9415.0,7686.0,1,0,Female
421,44.0,90331.0,22.1,12.2,164.0,4.7,0.38,1.7,0.14,236.0,0.41,0.56,7.9,4,0.38,2.0,2262.0,3322.0,13568.0,5212.0,3,3,Male
422,39.0,76079.0,25.1,1.6,182.0,4.9,0.32,1.8,0.13,40.0,0.26,0.2,0.6,0,0.45,3.8,9626.0,4693.0,11000.0,3771.0,4,0,Female
423,47.0,19681.0,29.1,2.1,219.0,4.5,0.21,3.0,0.07,66.0,0.31,0.48,0.0,5,0.2,1.5,1325.0,2287.0,3771.0,220.0,3,0,Male
424,18.0,25846.0,91.3,26.3,23.0,4.5,0.96,1.8,0.09,2667.0,0.44,0.85,8.9,2,0.23,0.9,3524.0,1512.0,3872.0,1396.0,2,1,Male
425,33.0,91333.0,83.9,20.8,26.0,2.9,0.97,7.7,0.07,1896.0,0.54,0.55,10.7,1,0.61,3.9,11497.0,5592.0,15585.0,4275.0,0,2,Male
426,40.0,80943.0,23.0,8.4,208.0,4.5,0.39,2.9,0.05,230.0,0.24,0.04,0.0,4,0.79,0.0,1657.0,9681.0,14371.0,1332.0,0,0,Male
427,20.0,23289.0,100.0,17.7,24.0,0.6,0.68,4.8,0.17,1873.0,0.33,0.65,8.9,4,0.4,0.8,3214.0,2961.0,1434.0,322.0,3,0,Female
428,21.0,24612.0,65.5,18.8,12.0,2.1,0.85,4.8,0.09,1323.0,0.28,0.26,9.9,3,0.45,0.7,874.0,1429.0,4088.0,629.0,2,1,Male
429,29.0,26283.0,80.9,17.6,14.0,0.4,0.67,4.3,0.15,1628.0,0.34,0.64,5.5,6,0.49,5.6,1922.0,2231.0,1972.0,0.0,2,5,Male
430,39.0,94155.0,26.0,5.8,333.0,1.9,0.25,4.3,0.06,161.0,0.29,0.18,6.8,2,0.57,0.0,6978.0,11110.0,12580.0,1613.0,3,1,Male
431,31.0,95801.0,83.6,15.0,28.0,1.9,0.74,6.0,0.13,1454.0,0.31,0.53,12.3,1,0.45,2.9,4952.0,2010.0,12002.0,2542.0,0,1,Female
432,43.0,86511.0,11.6,2.6,190.0,4.1,0.26,5.0,0.06,34.0,0.39,0.38,5.4,2,0.59,3.1,12244.0,3310.0,4342.0,4755.0,0,0,Female
433,52.0,91840.0,12.1,10.8,274.0,4.5,0.2,4.2,0.08,117.0,0.24,0.28,7.2,0,0.16,6.7,9012.0,6293.0,8414.0,284.0,2,0,Female
434,37.0,81358.0,81.9,16.5,20.0,1.7,0.77,6.7,0.07,1093.0,0.18,0.26,13.1,0,0.41,4.5,3299.0,8100.0,5182.0,5863.0,3,1,Female
435,38.0,92218.0,83.3,24.1,16.0,2.7,0.6,4.9,0.05,1769.0,0.57,0.31,12.1,1,0.39,0.0,11498.0,8112.0,14531.0,73.0,4,1,Male
436,35.0,89611.0,77.2,31.5,19.0,4.8,0.51,7.3,0.05,2126.0,0.47,0.24,13.6,5,0.63,3.5,2152.0,8591.0,5685.0,6753.0,2,3,Male
437,29.0,87833.0,87.5,28.3,1.0,4.7,0.73,7.1,0.15,2824.0,0.13,0.37,15.5,2,0.37,0.0,6602.0,6514.0,14132.0,8482.0,2,0,Female
438,29.0,90734.0,32.0,8.8,256.0,1.2,0.07,2.1,0.1,257.0,0.49,0.76,5.9,2,0.1,0.8,13127.0,8566.0,13311.0,869.0,3,2,Male
439,45.0,31687.0,12.7,2.5,264.0,4.0,0.04,2.7,0.0,29.0,0.23,0.44,7.0,7,0.26,5.4,3125.0,3092.0,3586.0,104.0,1,1,Male
440,43.0,100685.0,7.2,7.9,183.0,8.2,0.49,3.2,0.07,50.0,0.27,0.71,5.3,3,0.46,1.9,5834.0,3944.0,14239.0,2315.0,2,0,Male
441,33.0,78894.0,96.9,28.0,14.0,0.2,1.0,5.7,0.0,2992.0,0.07,0.8,13.2,2,0.17,0.0,6972.0,8394.0,5647.0,3162.0,2,1,Female
442,44.0,28460.0,23.9,4.6,318.0,2.9,0.22,3.1,0.09,93.0,0.71,0.13,9.9,2,0.38,0.0,1725.0,732.0,3236.0,2076.0,6,1,Male
443,58.0,34045.0,30.7,1.9,256.0,5.7,0.3,1.0,0.04,52.0,0.54,0.19,0.0,3,0.15,0.8,979.0,2905.0,6330.0,308.0,2,0,Male
444,24.0,22781.0,87.7,5.1,3.0,3.6,0.72,2.6,0.08,435.0,0.21,0.13,0.0,2,0.33,0.0,1998.0,3245.0,1430.0,736.0,0,1,Female
445,57.0,32980.0,22.0,4.7,206.0,5.6,0.27,2.9,0.18,95.0,0.42,0.23,5.1,5,0.3,1.7,1119.0,4327.0,1838.0,1035.0,1,1,Female
446,32.0,35119.0,85.7,25.7,12.0,2.2,0.97,6.1,0.04,1766.0,0.42,0.29,11.1,2,0.76,7.9,4790.0,1052.0,2236.0,3036.0,3,0,Male
447,32.0,26066.0,74.8,16.4,18.0,2.5,0.8,7.0,0.09,1372.0,0.46,0.49,9.7,3,0.26,0.0,1256.0,846.0,1389.0,2026.0,0,0,Female
448,21.0,22021.0,72.7,18.0,9.0,3.8,0.79,6.3,0.08,1352.0,0.32,0.36,11.8,5,0.33,0.0,2878.0,2327.0,3531.0,2069.0,0,0,Female
449,22.0,21482.0,89.7,20.4,34.0,3.1,0.5,4.2,0.13,1961.0,0.33,0.34,9.2,4,0.56,0.0,1934.0,1587.0,1321.0,1125.0,0,0,Female
450,49.0,84889.0,18.1,10.3,115.0,3.5,0.0,1.7,0.12,153.0,0.07,0.42,8.4,0,0.41,7.7,5248.0,10306.0,9840.0,7463.0,0,1,Male
451,22.0,24666.0,84.1,25.3,14.0,4.1,0.81,6.3,0.0,1935.0,0.37,0.51,14.7,5,0.37,4.2,1931.0,3559.0,3422.0,2440.0,0,0,Male
452,28.0,25916.0,75.5,22.3,37.0,3.2,0.85,7.4,0.03,1677.0,0.1,0.43,10.4,2,0.53,0.4,1594.0,3326.0,2352.0,1618.0,2,0,Male
453,34.0,86388.0,74.3,23.6,22.0,0.2,0.88,8.0,0.1,1742.0,0.28,0.78,12.6,1,0.61,0.0,5415.0,10678.0,12035.0,3124.0,1,0,Female
454,33.0,26779.0,16.6,2.7,302.0,5.6,0.0,6.0,0.02,37.0,0.1,0.43,0.0,4,0.34,15.7,689.0,1536.0,2605.0,1338.0,1,1,Male
455,37.0,18765.0,30.5,0.8,137.0,5.7,0.13,3.9,0.11,26.0,0.45,0.16,3.8,2,0.57,7.0,2577.0,2529.0,1807.0,11.0,4,2,Female
456,29.0,63700.0,86.0,17.7,16.0,0.3,0.69,8.4,0.11,1426.0,0.39,0.67,12.8,1,0.44,2.2,8120.0,8250.0,8639.0,2801.0,1,3,Female
457,32.0,91538.0,28.6,10.9,234.0,5.1,0.05,5.0,0.05,271.0,0.41,0.51,5.0,3,0.4,5.1,6977.0,9367.0,12285.0,5831.0,3,0,Male
458,43.0,25659.0,10.8,3.7,143.0,5.1,0.22,2.9,0.04,45.0,0.12,0.19,0.0,5,0.38,0.0,2953.0,1160.0,4294.0,914.0,1,0,Male
459,42.0,28235.0,10.9,3.8,215.0,4.6,0.36,1.2,0.0,42.0,0.4,0.18,0.0,7,0.55,0.0,989.0,3867.0,5395.0,1127.0,2,0,Male
460,39.0,77256.0,75.3,16.0,15.0,6.3,0.9,5.0,0.08,1146.0,0.19,0.52,6.2,4,0.39,5.1,8322.0,5836.0,9302.0,2163.0,0,0,Female
461,33.0,88381.0,69.0,23.6,28.0,0.2,0.51,4.8,0.23,1415.0,0.62,0.32,8.6,0,0.51,1.8,10371.0,12537.0,9224.0,962.0,0,1,Female
462,30.0,93390.0,28.5,9.6,264.0,3.6,0.29,4.4,0.12,269.0,0.2,0.55,7.3,5,0.67,0.0,8396.0,9811.0,5459.0,3356.0,1,1,Female
463,38.0,89793.0,75.8,22.3,18.0,2.4,0.97,7.3,0.04,1625.0,0.02,0.61,13.8,2,0.53,4.8,5488.0,8489.0,12789.0,5386.0,0,1,Female
464,45.0,88927.0,19.1,8.9,217.0,0.9,0.66,4.1,0.13,170.0,0.22,0.0,0.8,2,0.35,7.4,12528.0,7516.0,5423.0,5362.0,3,1,Male
465,28.0,28414.0,87.0,9.1,16.0,0.8,0.79,8.3,0.14,671.0,0.25,0.0,0.4,1,0.26,2.4,4130.0,2287.0,4467.0,2494.0,1,0,Female
466,34.0,85830.0,83.4,24.5,19.0,1.6,0.56,4.9,0.13,1900.0,0.4,0.41,13.2,2,0.48,8.7,7204.0,3580.0,11608.0,6199.0,3,0,Female
467,23.0,21833.0,81.4,12.3,20.0,1.2,0.81,4.8,0.06,1078.0,0.23,0.48,6.2,4,0.5,4.2,1278.0,997.0,4071.0,846.0,2,0,Male
468,27.0,87683.0,90.0,11.2,5.0,3.4,0.96,6.8,0.04,808.0,0.44,0.33,5.5,4,0.26,1.9,6411.0,3839.0,6187.0,1005.0,1,0,Female
469,44.0,29252.0,35.6,2.4,154.0,6.2,0.2,1.1,0.21,97.0,0.67,0.04,5.3,0,0.4,0.0,1791.0,3228.0,2981.0,2418.0,2,2,Male
470,45.0,36970.0,39.6,0.0,162.0,4.2,0.44,1.0,0.14,0.0,0.58,0.5,2.4,3,0.6,0.7,4338.0,802.0,7125.0,1625.0,1,0,Male
471,26.0,15958.0,100.0,11.3,14.0,5.2,0.64,4.5,0.08,1120.0,0.14,0.43,1.0,0,0.37,0.0,1551.0,1713.0,798.0,51.0,2,0,Female
472,50.0,24111.0,24.1,3.5,290.0,6.6,0.03,1.0,0.06,94.0,0.39,0.93,5.6,2,0.26,0.0,2400.0,2846.0,4155.0,884.0,0,0,Male
473,35.0,21368.0,11.9,4.4,130.0,3.0,0.36,3.2,0.17,62.0,0.31,0.67,2.7,3,0.32,4.3,1997.0,1525.0,3060.0,1899.0,1,0,Female
474,43.0,83064.0,13.0,3.5,201.0,6.1,0.27,2.6,0.13,37.0,0.41,0.31,0.5,0,0.37,0.0,2032.0,6988.0,12162.0,2283.0,1,0,Male
475,25.0,22407.0,85.2,22.3,15.0,4.3,1.0,4.7,0.08,2003.0,0.3,0.09,4.0,2,0.37,3.5,2195.0,1494.0,2714.0,1112.0,3,0,Male
476,43.0,90238.0,66.3,26.4,18.0,3.9,0.92,7.7,0.05,1778.0,0.06,0.24,13.2,4,0.26,0.0,11577.0,13270.0,7217.0,4408.0,1,2,Female
477,50.0,92982.0,1.0,4.0,237.0,1.6,0.22,3.1,0.2,5.0,0.09,0.15,3.2,4,0.28,0.0,3666.0,7927.0,13007.0,227.0,2,1,Female
478,39.0,99115.0,21.9,3.0,205.0,0.2,0.24,3.5,0.02,55.0,0.25,0.08,0.5,5,0.58,0.0,14582.0,4183.0,19756.0,560.0,0,0,Female
479,30.0,81068.0,92.6,19.1,24.0,5.0,0.94,7.0,0.09,1917.0,0.08,0.07,11.6,3,0.63,16.9,6800.0,11814.0,10706.0,5200.0,4,0,Female
480,35.0,82406.0,13.8,0.0,355.0,3.8,0.29,4.1,0.07,0.0,0.32,0.62,0.9,2,0.37,6.5,4077.0,9897.0,10751.0,1304.0,2,2,Male
481,27.0,23922.0,59.2,5.9,30.0,1.6,0.91,9.2,0.06,324.0,0.1,0.75,0.0,2,0.36,6.3,3302.0,2529.0,2232.0,1340.0,3,2,Female
482,34.0,74258.0,79.5,14.2,15.0,4.3,0.74,6.5,0.01,1236.0,0.44,0.11,11.1,2,0.58,6.8,7476.0,6012.0,10546.0,7048.0,1,1,Male
483,29.0,96723.0,89.6,25.1,12.0,1.1,1.0,7.6,0.04,2397.0,0.48,0.27,13.4,1,0.47,3.2,10147.0,2031.0,9950.0,8917.0,4,1,Female
484,27.0,82471.0,77.8,18.2,17.0,2.3,0.95,7.2,0.09,1451.0,0.19,0.25,13.6,3,0.53,6.4,5557.0,4116.0,6563.0,7683.0,0,1,Male
485,46.0,84711.0,22.3,5.0,240.0,6.7,0.28,3.8,0.11,95.0,0.36,0.22,0.0,1,0.37,0.0,8015.0,7501.0,13757.0,7808.0,1,3,Female
486,33.0,82644.0,13.7,9.3,260.0,4.9,0.0,6.2,0.05,102.0,0.19,0.33,0.0,3,0.71,4.0,10428.0,7369.0,11147.0,5885.0,2,1,Male
487,34.0,85043.0,66.1,24.1,17.0,3.8,0.62,7.4,0.05,1407.0,0.21,0.52,14.2,2,0.18,3.2,4602.0,5232.0,10613.0,3599.0,1,2,Female
488,22.0,21454.0,69.7,21.9,6.0,2.2,0.93,7.8,0.11,1782.0,0.0,0.36,8.8,0,0.24,5.6,1819.0,2266.0,4004.0,2046.0,2,0,Female
489,31.0,80627.0,94.7,29.6,17.0,3.5,0.81,9.1,0.05,3071.0,0.54,0.44,20.0,4,0.46,0.0,7200.0,5018.0,7293.0,7047.0,2,2,Male
490,30.0,95869.0,90.8,23.0,26.0,0.5,0.79,6.8,0.11,2140.0,0.44,0.61,12.5,1,0.45,12.9,3369.0,2798.0,16710.0,4521.0,0,1,Female
491,26.0,22417.0,73.7,18.5,22.0,2.0,0.9,6.4,0.1,1135.0,0.75,0.32,4.2,4,0.52,0.0,3321.0,2134.0,3344.0,1242.0,3,1,Female
492,39.0,90150.0,31.2,0.0,224.0,6.4,0.22,3.5,0.15,0.0,0.38,0.81,2.7,3,0.42,0.0,7566.0,11328.0,16152.0,6555.0,0,2,Male
493,36.0,81668.0,7.4,6.0,153.0,5.0,0.25,1.0,0.05,53.0,0.33,0.35,0.5,4,0.53,1.2,3752.0,3072.0,14286.0,1005.0,1,0,Male
494,33.0,86835.0,74.6,21.8,15.0,7.2,0.77,6.2,0.06,1580.0,0.27,0.46,12.1,5,0.44,2.4,2684.0,12508.0,9444.0,917.0,0,0,Female
495,50.0,69385.0,13.0,3.1,242.0,2.1,0.06,2.9,0.18,47.0,0.02,0.57,7.2,2,0.33,0.4,5192.0,9932.0,10429.0,1828.0,1,1,Female
496,35.0,86053.0,74.4,21.2,17.0,4.4,0.71,8.1,0.08,1302.0,0.3,0.48,11.0,4,0.5,5.1,9804.0,3478.0,13648.0,2358.0,3,1,Male
497,44.0,30226.0,20.6,0.2,148.0,4.9,0.32,3.7,0.14,3.0,0.35,0.43,0.0,0,0.35,2.7,4509.0,2505.0,1912.0,911.0,2,0,Male
498,21.0,23315.0,99.0,22.2,1.0,4.1,0.63,4.8,0.09,2459.0,0.2,0.37,9.6,3,0.23,1.5,2685.0,2274.0,3185.0,1748.0,2,2,Female
499,50.0,25405.0,14.2,5.4,300.0,5.8,0.2,1.0,0.09,65.0,0.18,0.4,0.3,3,0.32,2.6,2154.0,1081.0,2886.0,1006.0,3,1,Male
500,48.0,36310.0,16.1,3.2,348.0,0.2,0.18,2.8,0.01,47.0,0.26,0.6,4.2,4,0.34,6.4,4922.0,3325.0,6830.0,411.0,0,0,Male
501,24.0,21419.0,72.1,23.6,1.0,2.8,0.86,4.9,0.07,1930.0,0.16,0.11,10.8,3,0.63,6.5,3206.0,1822.0,3595.0,1792.0,2,1,Female
502,40.0,99612.0,89.3,31.7,8.0,4.5,0.69,6.7,0.0,3350.0,0.49,0.15,17.8,3,0.38,0.0,11039.0,8520.0,19553.0,5889.0,2,0,Female
503,36.0,78793.0,80.8,21.4,18.0,7.1,0.77,6.7,0.06,1550.0,0.53,0.33,11.4,1,0.29,0.1,8408.0,8782.0,11049.0,6606.0,2,1,Male
504,51.0,30071.0,37.5,3.1,178.0,6.5,0.2,3.6,0.02,136.0,0.67,0.23,0.0,4,0.42,1.5,2034.0,1536.0,4860.0,751.0,6,0,Female
505,49.0,19871.0,18.8,2.3,310.0,5.1,0.22,3.2,0.07,46.0,0.19,0.33,0.0,5,0.63,0.0,2621.0,2687.0,1666.0,365.0,1,0,Male
506,29.0,87185.0,87.6,27.2,8.0,4.8,0.57,8.7,0.13,2311.0,0.23,0.24,14.7,2,0.59,12.4,2844.0,5552.0,15625.0,3557.0,2,1,Male
507,36.0,79165.0,16.9,6.2,119.0,2.1,0.25,3.8,0.05,118.0,0.37,0.09,2.0,1,0.32,11.1,3554.0,5315.0,8675.0,390.0,0,1,Male
508,32.0,67419.0,64.0,18.0,28.0,3.9,0.9,6.8,0.21,1361.0,0.59,0.22,9.7,2,0.44,1.9,3112.0,9216.0,10860.0,1165.0,4,0,Female
509,41.0,95176.0,83.8,32.3,13.0,3.4,0.72,6.1,0.16,2344.0,0.49,0.21,13.8,5,0.6,0.0,5062.0,6096.0,7186.0,4396.0,0,0,Female
510,40.0,89556.0,32.2,6.1,202.0,3.2,0.01,5.7,0.15,208.0,0.0,0.2,7.5,3,0.38,1.0,13145.0,8009.0,9722.0,48.0,0,1,Female
511,31.0,93381.0,97.8,25.0,23.0,1.5,0.7,6.2,0.06,2031.0,0.14,0.36,12.3,4,0.47,7.9,2776.0,10146.0,11859.0,2503.0,2,2,Female
512,21.0,13287.0,59.3,21.8,30.0,1.7,0.64,6.2,0.11,1170.0,0.37,0.33,9.7,2,0.27,0.0,750.0,1556.0,1124.0,738.0,1,0,Male
513,40.0,81456.0,77.4,20.0,17.0,2.2,0.81,4.3,0.09,1451.0,0.42,0.18,13.0,4,0.45,6.2,6829.0,5100.0,8609.0,2616.0,2,1,Female
514,48.0,33838.0,7.1,5.9,132.0,2.5,0.18,2.6,0.24,45.0,0.46,0.55,4.7,3,0.33,12.6,2256.0,2890.0,3133.0,779.0,2,0,Male
515,46.0,18271.0,21.5,4.3,167.0,3.6,0.28,3.2,0.15,74.0,0.25,0.61,5.8,1,0.39,6.7,2112.0,1273.0,2287.0,1760.0,2,0,Female
516,42.0,14661.0,4.2,9.4,330.0,4.0,0.26,3.8,0.16,35.0,0.35,0.17,6.0,2,0.37,0.0,372.0,2042.0,2399.0,1322.0,0,1,Male
517,40.0,84449.0,4.7,8.1,232.0,3.1,0.23,1.8,0.03,46.0,0.47,0.29,4.8,2,0.51,2.9,2221.0,4376.0,10630.0,3219.0,0,4,Female
518,28.0,85672.0,96.3,24.7,14.0,0.2,0.94,5.9,0.13,2696.0,0.52,0.08,12.1,4,0.53,0.0,12077.0,10524.0,9162.0,4294.0,1,0,Male
519,27.0,24402.0,73.3,21.9,22.0,0.8,0.84,7.5,0.09,1882.0,0.49,0.21,7.5,6,0.33,0.0,2808.0,2376.0,3283.0,138.0,3,0,Male
520,34.0,87521.0,16.9,6.6,232.0,0.2,0.37,3.9,0.1,115.0,0.38,0.57,5.6,2,0.42,3.2,4772.0,7456.0,10241.0,4536.0,3,1,Male
521,45.0,84762.0,13.0,10.2,178.0,3.9,0.34,1.8,0.06,150.0,0.4,0.68,5.6,4,0.44,0.0,4303.0,9255.0,8612.0,7700.0,0,0,Male
522,40.0,22827.0,19.6,0.8,246.0,3.1,0.4,6.3,0.04,17.0,0.39,0.42,3.9,3,0.59,4.4,947.0,1578.0,1836.0,2238.0,1,2,Female
523,37.0,97557.0,25.1,7.8,229.0,6.0,0.25,3.2,0.03,196.0,0.45,0.29,3.4,1,0.32,3.8,3470.0,11596.0,15901.0,5169.0,2,2,Female
524,31.0,93635.0,14.3,2.6,150.0,5.3,0.05,5.7,0.15,32.0,0.04,0.08,1.3,5,0.41,1.9,11416.0,13364.0,11002.0,3404.0,4,0,Female
525,46.0,94527.0,11.4,8.7,111.0,5.0,0.19,3.4,0.1,105.0,0.48,0.37,5.1,2,0.53,1.4,13610.0,10123.0,6334.0,87.0,2,0,Female
526,41.0,24694.0,29.4,3.9,331.0,1.2,0.22,3.1,0.03,100.0,0.29,0.36,1.7,3,0.53,0.0,2590.0,2890.0,1584.0,2295.0,0,0,Male
527,35.0,74623.0,88.7,19.8,5.0,5.3,1.0,7.0,0.08,1815.0,0.07,0.2,13.2,2,0.3,10.3,10462.0,2096.0,6985.0,2961.0,2,1,Male
528,48.0,99114.0,14.3,5.0,163.0,3.2,0.22,6.3,0.07,64.0,0.35,0.12,1.4,2,0.19,2.8,8105.0,8082.0,15382.0,4516.0,0,1,Male
529,26.0,21152.0,82.8,15.6,40.0,1.5,0.6,4.8,0.05,1162.0,0.13,0.23,7.5,1,0.55,9.1,2504.0,1985.0,1972.0,837.0,1,1,Female
530,33.0,89279.0,12.2,3.0,219.0,0.2,0.37,4.8,0.03,40.0,0.64,0.45,2.3,3,0.03,0.0,7560.0,8507.0,13742.0,293.0,2,0,Male
531,48.0,38966.0,12.0,4.3,238.0,5.6,0.13,2.0,0.13,41.0,0.17,0.27,0.0,3,0.44,6.1,4559.0,3704.0,2113.0,2273.0,5,0,Female
532,44.0,86680.0,29.2,12.5,305.0,7.1,0.38,4.1,0.02,436.0,0.42,0.41,1.5,3,0.09,1.7,3956.0,2528.0,5642.0,833.0,2,0,Male
533,32.0,91064.0,89.3,27.7,9.0,0.2,0.9,4.4,0.05,2158.0,0.32,0.72,12.1,4,0.72,5.5,6991.0,11648.0,10799.0,495.0,1,0,Male
534,24.0,19565.0,87.2,16.9,17.0,3.5,0.69,4.4,0.04,1514.0,0.31,0.61,8.7,5,0.26,2.8,2767.0,1279.0,2142.0,1385.0,1,0,Female
535,30.0,78969.0,70.0,31.6,9.0,0.2,0.49,7.4,0.09,2533.0,0.22,0.41,16.8,2,0.35,0.0,3232.0,10187.0,6832.0,262.0,1,2,Male
536,55.0,31116.0,17.7,2.4,249.0,4.0,0.31,3.7,0.09,44.0,0.39,0.41,6.6,6,0.17,9.5,4458.0,2571.0,3902.0,740.0,2,0,Female
537,29.0,80637.0,80.4,14.5,29.0,5.7,1.0,6.6,0.1,1112.0,0.46,0.49,6.2,4,0.51,5.0,3868.0,8764.0,5220.0,4915.0,7,5,Female
538,60.0,23880.0,36.8,1.7,155.0,4.2,0.19,2.3,0.06,57.0,0.46,0.43,0.6,1,0.47,0.0,3361.0,2448.0,3999.0,762.0,0,0,Male
539,43.0,76760.0,21.3,5.5,257.0,2.0,0.34,5.6,0.2,120.0,0.29,0.19,10.2,3,0.5,7.2,5524.0,3435.0,11481.0,1521.0,1,3,Male
540,45.0,84195.0,74.1,30.2,12.0,1.1,0.86,5.8,0.05,1960.0,0.42,0.46,14.1,4,0.33,0.0,12373.0,2999.0,11864.0,6011.0,0,3,Male
541,40.0,27704.0,13.4,5.8,174.0,9.0,0.33,1.4,0.06,92.0,0.48,0.27,4.7,2,0.41,0.0,3855.0,1448.0,5455.0,2464.0,1,3,Male
542,39.0,107593.0,90.2,26.5,16.0,1.3,0.68,5.2,0.11,2853.0,0.0,0.03,15.3,2,0.52,0.0,14530.0,14051.0,18186.0,7878.0,0,0,Female
543,50.0,91301.0,15.2,4.7,262.0,7.1,0.39,1.5,0.13,76.0,0.55,0.24,2.0,5,0.5,0.0,12847.0,3734.0,6175.0,4479.0,2,1,Female
544,40.0,20852.0,10.7,4.0,228.0,5.1,0.0,5.1,0.09,46.0,0.36,0.4,2.5,3,0.51,0.0,2004.0,1152.0,3854.0,2035.0,0,0,Female
545,44.0,29376.0,26.8,3.4,218.0,4.1,0.19,1.0,0.07,93.0,0.06,0.09,0.4,4,0.55,0.0,1499.0,2721.0,2092.0,578.0,3,2,Male
546,31.0,89271.0,86.7,14.6,15.0,3.3,0.71,3.5,0.12,1497.0,0.44,0.28,9.2,4,0.2,0.0,2339.0,11100.0,8074.0,4960.0,2,1,Male
547,53.0,22685.0,5.6,4.3,292.0,3.8,0.2,4.5,0.16,24.0,0.16,0.28,8.4,4,0.48,5.1,491.0,1196.0,3603.0,1405.0,3,0,Female
548,46.0,83176.0,7.2,8.2,160.0,6.0,0.33,4.2,0.12,62.0,0.06,0.0,4.0,2,0.68,10.8,3991.0,6097.0,10012.0,7511.0,2,0,Female
549,27.0,88750.0,77.3,20.8,10.0,4.5,1.0,7.2,0.04,1460.0,0.3,0.2,14.7,1,0.37,4.7,4457.0,2851.0,12538.0,5005.0,2,0,Female
550,22.0,21238.0,79.8,14.0,36.0,4.7,0.85,3.3,0.0,1211.0,0.19,0.29,6.0,5,0.45,0.0,1133.0,3038.0,3395.0,302.0,2,0,Female
551,31.0,90838.0,73.3,24.4,20.0,2.7,0.69,5.9,0.06,2023.0,0.58,0.23,11.7,2,0.31,7.7,10248.0,10082.0,16118.0,6844.0,2,0,Female
552,29.0,90302.0,70.2,25.8,17.0,2.5,0.8,7.9,0.06,1909.0,0.3,0.4,15.8,5,0.38,2.1,6243.0,10322.0,8871.0,6156.0,0,0,Female
553,25.0,26923.0,93.1,25.1,25.0,6.8,0.75,5.4,0.1,2543.0,0.28,0.25,8.5,2,0.37,6.3,2014.0,888.0,1418.0,2101.0,1,0,Female
554,27.0,18719.0,67.6,18.4,23.0,3.9,1.0,6.8,0.07,1386.0,0.26,0.49,9.1,7,0.31,0.0,1828.0,1458.0,3531.0,1682.0,2,1,Male
555,44.0,92050.0,12.8,8.9,277.0,7.3,0.29,1.0,0.09,126.0,0.33,0.59,0.3,4,0.48,0.0,4026.0,2783.0,12582.0,1415.0,0,3,Male
556,24.0,14118.0,72.7,25.6,21.0,0.2,0.87,6.0,0.07,1860.0,0.23,0.55,10.3,5,0.91,0.0,1027.0,1488.0,1893.0,1024.0,0,0,Male
557,22.0,33426.0,90.6,4.2,12.0,0.3,0.71,5.6,0.09,373.0,0.12,0.54,0.0,3,0.3,0.0,5012.0,2918.0,4112.0,442.0,2,0,Female
558,42.0,16948.0,6.6,6.8,200.0,4.6,0.19,4.1,0.12,47.0,0.41,0.47,2.4,3,0.07,5.2,2064.0,764.0,1577.0,489.0,2,1,Female
559,52.0,17750.0,30.7,4.2,119.0,2.4,0.21,1.3,0.13,107.0,0.4,0.56,6.8,0,0.39,0.0,2449.0,1415.0,1523.0,1487.0,0,0,Male
560,38.0,95605.0,84.9,22.5,26.0,3.5,0.54,6.0,0.09,2170.0,0.17,0.2,7.9,2,0.85,0.0,6244.0,7796.0,10864.0,7466.0,1,2,Male
561,30.0,21579.0,80.8,24.3,3.0,1.6,0.98,5.3,0.1,2251.0,0.21,0.0,14.5,3,0.54,5.8,1619.0,2797.0,3856.0,2128.0,0,2,Male
562,19.0,25507.0,86.3,17.4,41.0,0.9,0.75,5.4,0.15,1561.0,0.45,0.31,4.7,1,0.41,9.6,902.0,2918.0,4442.0,181.0,1,0,Female
563,43.0,23936.0,9.4,2.7,178.0,3.2,0.25,1.2,0.08,27.0,0.35,0.48,3.0,1,0.24,0.0,2034.0,1976.0,2085.0,176.0,0,1,Female
564,44.0,23446.0,25.8,4.4,232.0,4.6,0.34,2.5,0.08,92.0,0.07,0.65,0.0,2,0.34,0.0,3313.0,3467.0,3625.0,1258.0,3,1,Female
565,38.0,89116.0,99.9,19.8,19.0,6.4,0.94,6.3,0.11,1636.0,0.37,0.69,9.7,1,0.17,0.8,6119.0,8032.0,7428.0,7734.0,3,0,Male
566,30.0,84363.0,85.4,28.9,10.0,4.1,0.84,5.9,0.03,2890.0,0.01,0.19,10.5,4,0.47,6.7,6329.0,8807.0,9390.0,6644.0,1,0,Female
567,41.0,23714.0,10.6,3.7,220.0,6.5,0.06,3.7,0.1,46.0,0.49,0.39,0.0,4,0.23,3.6,3347.0,1779.0,1476.0,738.0,0,1,Male
568,37.0,90838.0,13.8,5.8,187.0,4.8,0.28,4.2,0.06,89.0,0.16,0.33,5.9,2,0.25,5.4,6340.0,4979.0,13932.0,1280.0,1,0,Male
569,56.0,21059.0,7.2,5.1,190.0,6.7,0.35,3.5,0.0,42.0,0.19,0.35,0.2,1,0.45,1.3,1933.0,730.0,2215.0,1652.0,1,1,Female
570,47.0,86349.0,28.8,8.6,227.0,0.2,0.13,3.5,0.07,208.0,0.14,0.0,2.2,4,0.41,3.6,3436.0,8165.0,14040.0,1458.0,1,1,Female
571,29.0,81225.0,27.4,8.3,181.0,2.5,0.13,3.2,0.11,254.0,0.23,0.17,5.2,6,0.59,5.5,10143.0,3009.0,4946.0,7610.0,1,1,Male
572,44.0,83875.0,12.3,10.4,118.0,6.5,0.42,2.9,0.13,119.0,0.03,0.03,6.8,3,0.32,3.2,3056.0,2542.0,15443.0,8162.0,1,1,Male
573,33.0,99817.0,100.0,20.6,15.0,4.8,0.75,5.5,0.11,2147.0,0.5,0.36,9.6,4,0.49,0.0,13895.0,12802.0,19808.0,4569.0,2,1,Male
574,23.0,20576.0,77.9,13.6,21.0,0.2,0.48,5.6,0.11,903.0,0.44,0.38,5.9,3,0.22,0.0,1300.0,2269.0,1767.0,571.0,2,2,Female
575,40.0,86298.0,74.4,18.5,3.0,3.0,0.71,3.7,0.05,1284.0,0.54,0.03,3.9,2,0.5,6.7,8888.0,11241.0,16032.0,5520.0,0,0,Female
576,44.0,94958.0,3.6,7.9,289.0,6.2,0.23,4.5,0.03,30.0,0.57,0.15,4.2,3,0.23,0.0,11191.0,12434.0,18218.0,2879.0,4,1,Female
577,21.0,37602.0,75.8,21.0,29.0,2.4,0.86,4.8,0.14,1343.0,0.16,0.31,10.7,1,0.26,5.1,2858.0,5585.0,7353.0,1526.0,1,2,Female
578,37.0,82027.0,62.2,10.2,19.0,5.2,0.83,6.6,0.01,558.0,0.26,0.37,4.6,1,0.37,0.0,3299.0,9092.0,16370.0,4436.0,0,1,Male
579,36.0,30016.0,28.6,3.5,235.0,5.0,0.3,2.1,0.0,90.0,0.55,0.52,4.9,3,0.49,7.3,1437.0,4064.0,2324.0,533.0,1,0,Female
580,36.0,94466.0,78.2,30.3,13.0,1.8,0.96,4.8,0.07,2805.0,0.22,0.51,21.0,4,0.23,0.0,2144.0,2911.0,13148.0,1019.0,1,3,Female
581,31.0,20825.0,78.7,11.7,17.0,1.6,1.0,4.0,0.0,925.0,0.28,0.51,6.1,1,0.58,0.8,2109.0,1437.0,1240.0,1563.0,2,1,Female
582,40.0,87342.0,88.0,33.5,19.0,0.2,0.7,7.3,0.01,2639.0,0.05,0.68,15.2,4,0.45,3.9,3343.0,2642.0,15109.0,7485.0,1,0,Male
583,28.0,29708.0,80.7,18.2,21.0,0.2,0.77,6.1,0.02,1716.0,0.27,0.24,12.4,3,0.42,0.0,910.0,2216.0,4953.0,384.0,0,2,Female
584,29.0,77109.0,74.9,20.7,20.0,6.1,0.72,6.4,0.09,1397.0,0.3,0.23,13.3,5,0.38,3.2,3203.0,1969.0,11756.0,6673.0,1,0,Female
585,31.0,74949.0,80.5,18.6,14.0,3.8,0.6,4.2,0.07,1745.0,0.23,0.21,9.0,3,0.34,0.0,8808.0,7261.0,12406.0,6922.0,1,0,Female
586,44.0,81039.0,23.3,7.1,208.0,5.7,0.54,3.8,0.04,183.0,0.4,0.02,6.2,4,0.27,0.0,11445.0,2314.0,6262.0,7474.0,3,0,Female
587,34.0,84303.0,95.5,17.4,13.0,6.5,1.0,6.8,0.03,1958.0,0.31,0.18,4.7,1,0.36,3.0,4306.0,11359.0,5186.0,6531.0,3,0,Female
588,43.0,26281.0,18.2,4.2,134.0,5.6,0.09,4.1,0.07,68.0,0.52,0.19,0.0,2,0.43,0.0,3816.0,902.0,2626.0,2551.0,3,2,Female
589,34.0,98516.0,92.4,20.6,16.0,4.6,0.93,5.2,0.03,1614.0,0.17,0.39,10.3,0,0.36,1.8,14143.0,12505.0,10168.0,4713.0,1,1,Female
590,20.0,25645.0,90.7,24.3,42.0,2.9,0.75,4.7,0.07,2613.0,0.34,0.17,9.5,2,0.52,7.9,914.0,2863.0,3213.0,463.0,1,0,Male
591,23.0,25943.0,85.7,16.7,24.0,3.8,0.79,7.0,0.0,1604.0,0.35,0.3,6.5,5,0.8,0.0,1514.0,2645.0,3499.0,67.0,0,1,Male
592,41.0,74863.0,22.3,6.2,118.0,3.3,0.35,2.2,0.07,138.0,0.36,0.24,6.2,1,0.47,0.0,1800.0,9696.0,4576.0,2996.0,2,1,Female
593,41.0,87314.0,69.3,14.9,21.0,5.4,0.73,6.6,0.11,1079.0,0.25,0.12,8.0,1,0.53,0.0,9148.0,9739.0,6312.0,2321.0,4,1,Female
594,54.0,100818.0,15.7,7.3,81.0,6.3,0.11,5.2,0.1,114.0,0.3,0.39,5.4,5,0.36,12.8,10837.0,3586.0,13977.0,678.0,1,1,Male
595,48.0,31809.0,30.1,3.3,176.0,8.5,0.04,1.7,0.08,84.0,0.32,0.12,0.0,6,0.53,3.6,2984.0,3722.0,2288.0,775.0,0,1,Male
596,34.0,70622.0,96.8,16.4,10.0,4.2,0.81,6.2,0.02,1390.0,0.09,0.32,5.7,4,0.52,0.0,7053.0,2931.0,6155.0,3242.0,0,1,Male
597,42.0,80414.0,14.3,6.6,223.0,2.0,0.33,1.0,0.08,113.0,0.37,0.67,2.6,4,0.29,13.3,9991.0,5859.0,7964.0,6872.0,2,0,Male
598,51.0,21424.0,18.3,1.3,241.0,3.5,0.13,3.2,0.15,22.0,0.08,0.26,2.1,2,0.32,6.6,1811.0,2489.0,1800.0,190.0,5,0,Male
599,36.0,79900.0,6.5,5.0,171.0,4.1,0.04,2.2,0.1,29.0,0.25,0.43,0.0,4,0.39,0.0,5188.0,5380.0,15949.0,2059.0,2,0,Female
600,53.0,34075.0,14.9,4.6,271.0,3.4,0.36,3.4,0.0,55.0,0.27,0.41,0.8,3,0.27,2.2,1136.0,3347.0,2313.0,2216.0,3,0,Female
601,36.0,27817.0,21.0,2.9,220.0,4.5,0.37,4.3,0.1,50.0,0.27,0.64,1.4,3,0.47,0.2,4105.0,2598.0,5127.0,667.0,3,0,Male
602,47.0,87099.0,12.8,0.0,302.0,5.5,0.12,4.1,0.16,0.0,0.21,0.24,0.0,4,0.15,0.0,3495.0,3883.0,15734.0,3661.0,1,2,Female
603,37.0,81543.0,25.9,1.7,274.0,3.0,0.19,3.9,0.07,46.0,0.5,0.44,1.2,3,0.44,0.0,3824.0,7912.0,9225.0,2788.0,0,1,Male
604,41.0,70147.0,9.4,1.0,273.0,2.4,0.32,4.4,0.03,9.0,0.54,0.71,3.0,6,0.53,0.9,9450.0,2888.0,12237.0,831.0,1,0,Female
605,40.0,76852.0,83.7,27.0,11.0,2.9,0.85,7.3,0.1,1896.0,0.1,0.2,15.1,2,0.51,5.2,2468.0,3717.0,4820.0,3415.0,2,3,Male
606,44.0,27624.0,30.0,3.2,197.0,3.6,0.08,5.7,0.01,83.0,0.36,0.0,0.0,4,0.19,0.0,2056.0,1949.0,1808.0,1172.0,1,0,Male
607,33.0,96785.0,82.1,31.6,24.0,3.0,0.56,7.9,0.11,2239.0,0.37,0.22,15.2,2,0.3,0.0,6245.0,12706.0,9978.0,1973.0,1,1,Female
608,60.0,29862.0,11.6,2.7,164.0,3.3,0.06,1.4,0.11,36.0,0.49,0.62,3.6,2,0.52,0.4,3028.0,1219.0,2971.0,2260.0,1,1,Male
609,34.0,90232.0,90.7,16.1,23.0,2.3,1.0,7.3,0.13,1197.0,0.31,0.41,7.1,3,0.35,3.5,7591.0,7425.0,7562.0,8964.0,1,1,Male
610,31.0,33027.0,80.3,14.3,5.0,1.4,0.83,6.8,0.15,1174.0,0.22,0.36,8.6,5,0.16,0.8,1140.0,2870.0,5291.0,1778.0,3,0,Female
611,52.0,38208.0,34.1,4.1,249.0,3.6,0.05,2.8,0.14,118.0,0.21,0.72,0.5,1,0.44,3.9,1343.0,5303.0,2949.0,2843.0,4,0,Female
612,35.0,77081.0,77.1,24.8,5.0,6.7,0.76,6.2,0.04,1851.0,0.33,0.23,12.4,3,0.39,0.0,9785.0,6704.0,14878.0,2785.0,1,2,Female
613,40.0,71017.0,83.1,17.1,6.0,5.7,0.78,6.1,0.14,1464.0,0.24,0.15,9.8,7,0.53,0.0,1783.0,2099.0,4648.0,1569.0,2,1,Female
614,59.0,28225.0,23.1,2.0,297.0,7.4,0.13,3.4,0.06,44.0,0.35,0.38,0.0,3,0.26,3.5,4201.0,1390.0,2319.0,403.0,4,0,Male
615,47.0,87489.0,26.4,4.9,272.0,6.7,0.33,4.2,0.04,127.0,0.11,0.49,0.9,5,0.19,0.0,7853.0,2359.0,9550.0,4000.0,2,1,Male
616,37.0,94117.0,17.6,10.7,258.0,3.1,0.24,4.3,0.14,185.0,0.01,0.31,4.5,1,0.26,4.6,4251.0,10691.0,14700.0,5642.0,4,0,Male
617,32.0,81553.0,84.3,21.7,10.0,1.3,0.68,5.9,0.11,1714.0,0.38,0.51,9.9,5,0.3,3.4,9631.0,8076.0,13379.0,5227.0,3,2,Male
618,34.0,80748.0,7.0,6.2,208.0,1.4,0.36,2.0,0.08,36.0,0.37,0.53,2.7,2,0.3,5.4,4244.0,11764.0,7831.0,7111.0,2,2,Female
619,49.0,27107.0,18.4,5.7,258.0,7.1,0.21,1.6,0.19,122.0,0.36,0.39,1.3,2,0.42,2.8,662.0,1703.0,4012.0,1869.0,1,0,Male
620,36.0,83318.0,31.7,7.0,147.0,5.2,0.42,3.1,0.07,194.0,0.26,0.27,0.0,4,0.52,3.9,6318.0,7568.0,9383.0,1750.0,1,0,Female
621,51.0,28704.0,14.8,3.4,166.0,3.0,0.39,1.0,0.14,45.0,0.17,0.29,5.4,2,0.55,0.8,3354.0,3659.0,2537.0,2868.0,1,2,Male
622,43.0,100802.0,25.0,2.2,103.0,2.3,0.28,3.3,0.08,57.0,0.34,0.32,0.6,4,0.33,0.0,14424.0,11482.0,7943.0,1517.0,0,2,Female
623,37.0,69921.0,80.4,20.3,22.0,2.0,0.81,6.9,0.05,1309.0,0.22,0.11,10.8,3,0.61,4.6,9298.0,8124.0,11379.0,3870.0,0,2,Female
624,47.0,26734.0,25.4,2.3,311.0,5.0,0.08,1.0,0.14,53.0,0.18,0.22,0.0,3,0.71,1.7,693.0,3543.0,1781.0,1047.0,0,1,Female
625,24.0,32898.0,86.1,31.8,11.0,1.2,1.0,5.2,0.13,3041.0,0.33,0.5,17.2,2,0.27,6.2,4659.0,3808.0,2288.0,3285.0,1,1,Female
626,34.0,80846.0,84.9,20.9,16.0,1.3,0.86,6.8,0.07,2018.0,0.16,0.45,12.8,0,0.18,0.0,7027.0,6381.0,12088.0,7239.0,2,1,Female
627,50.0,97133.0,14.2,4.0,181.0,1.4,0.37,3.4,0.01,51.0,0.46,0.43,4.2,2,0.29,5.9,7759.0,9013.0,6450.0,5332.0,1,0,Male
628,37.0,22200.0,36.6,5.1,134.0,4.8,0.12,2.3,0.09,208.0,0.1,0.79,8.7,3,0.22,0.0,1428.0,2531.0,3188.0,652.0,1,1,Male
629,31.0,82779.0,70.3,26.4,1.0,4.2,0.76,9.1,0.11,2127.0,0.6,0.43,17.0,4,0.64,0.0,2221.0,6443.0,11716.0,4113.0,4,0,Female
630,54.0,82633.0,16.9,5.3,190.0,5.7,0.41,4.5,0.16,83.0,0.08,0.55,0.0,1,0.37,0.0,7317.0,2106.0,5959.0,523.0,0,1,Male
631,39.0,83309.0,25.5,6.5,161.0,3.0,0.37,4.2,0.11,192.0,0.11,0.57,3.5,1,0.85,0.0,4745.0,10998.0,11704.0,6409.0,0,1,Male
632,44.0,27241.0,26.0,5.7,326.0,4.6,0.37,4.0,0.17,154.0,0.25,0.55,4.0,5,0.4,3.9,2597.0,1192.0,1684.0,2450.0,2,2,Male
633,35.0,86075.0,20.5,7.2,187.0,2.8,0.18,1.0,0.11,126.0,0.19,0.01,3.4,5,0.34,4.4,1947.0,10812.0,13393.0,117.0,1,1,Male
634,35.0,35424.0,18.7,8.4,93.0,5.1,0.31,2.3,0.16,154.0,0.51,0.24,4.3,6,0.59,3.6,2805.0,1460.0,4437.0,1945.0,2,1,Female
635,18.0,25786.0,86.1,12.0,8.0,3.8,0.8,4.1,0.1,1225.0,0.56,0.62,0.2,3,0.23,2.1,2533.0,647.0,4634.0,58.0,2,2,Female
636,59.0,33732.0,21.1,4.2,264.0,4.9,0.39,4.3,0.12,101.0,0.25,0.31,1.7,3,0.67,2.9,854.0,4572.0,6111.0,1759.0,0,1,Female
637,45.0,75700.0,25.8,7.3,218.0,6.5,0.33,3.9,0.05,172.0,0.5,0.63,6.9,2,0.38,6.4,9694.0,4217.0,10373.0,2037.0,2,0,Female
638,42.0,90693.0,30.6,8.6,188.0,7.6,0.0,3.3,0.15,274.0,0.34,0.53,0.6,3,0.62,0.0,12538.0,5521.0,7598.0,8088.0,1,2,Female
639,43.0,89583.0,1.0,9.1,265.0,4.7,0.07,2.7,0.01,8.0,0.09,0.25,5.8,2,0.25,5.5,2252.0,13112.0,12712.0,7675.0,2,1,Male
640,32.0,31080.0,92.2,5.2,31.0,5.2,0.53,5.7,0.04,409.0,0.07,0.03,3.4,0,0.51,0.0,4555.0,3493.0,1992.0,2537.0,3,0,Male
641,38.0,83832.0,87.6,21.3,15.0,0.4,0.57,6.5,0.14,2038.0,0.35,0.64,6.6,5,0.56,7.6,7052.0,8317.0,13964.0,6342.0,1,0,Female
642,27.0,11419.0,68.3,15.5,22.0,1.3,1.0,6.2,0.14,889.0,0.33,0.04,4.1,6,0.72,5.4,316.0,799.0,880.0,755.0,1,1,Male
643,52.0,37349.0,29.1,4.0,344.0,3.9,0.22,2.5,0.09,129.0,0.21,0.25,5.3,2,0.75,0.0,945.0,2992.0,4229.0,1172.0,4,1,Female
644,55.0,31761.0,31.6,5.4,176.0,4.3,0.29,2.7,0.03,169.0,0.08,0.54,0.3,7,0.4,0.8,2880.0,1432.0,4242.0,805.0,5,1,Male
645,36.0,104532.0,80.6,18.9,14.0,0.9,0.7,4.6,0.02,1251.0,0.3,0.32,13.6,2,0.16,11.5,12055.0,5724.0,17741.0,9449.0,0,0,Male
646,41.0,61392.0,82.7,27.1,6.0,0.3,0.61,6.1,0.07,2029.0,0.27,0.21,17.4,2,0.51,0.0,3080.0,8743.0,8798.0,462.0,1,0,Male
647,38.0,79446.0,29.9,9.6,189.0,3.4,0.28,3.2,0.0,322.0,0.35,0.17,5.5,0,0.35,0.0,3313.0,2958.0,4868.0,1302.0,1,1,Male
648,30.0,25664.0,74.9,10.2,25.0,2.0,0.72,6.3,0.03,880.0,0.42,0.43,2.7,2,0.56,2.3,3353.0,1580.0,4289.0,967.0,3,0,Female
649,21.0,27068.0,73.8,20.5,23.0,2.8,0.78,2.3,0.06,1397.0,0.44,0.31,7.8,1,0.62,10.3,2517.0,618.0,2678.0,2632.0,2,1,Male
650,28.0,25148.0,84.6,13.3,23.0,3.4,0.95,5.1,0.03,956.0,0.22,0.0,4.3,4,0.18,2.4,1841.0,971.0,1344.0,1088.0,0,0,Female
651,46.0,35150.0,23.2,2.4,127.0,6.9,0.22,2.4,0.05,61.0,0.27,0.53,0.0,1,0.49,0.0,2891.0,5170.0,5064.0,1478.0,3,2,Male
652,29.0,76447.0,87.0,19.5,17.0,4.7,0.79,6.6,0.15,2026.0,0.24,0.29,5.9,2,0.28,0.7,10272.0,8305.0,12376.0,1864.0,1,0,Male
653,23.0,26203.0,89.7,25.0,23.0,2.2,0.82,4.6,0.06,1990.0,0.48,0.17,17.6,5,0.45,6.3,1975.0,1959.0,1909.0,818.0,2,1,Male
654,37.0,20697.0,25.3,6.0,185.0,7.1,0.26,3.4,0.0,125.0,0.31,0.4,0.0,2,0.47,0.0,878.0,2190.0,3162.0,1071.0,2,0,Male
655,24.0,84223.0,73.4,25.2,20.0,4.9,0.73,7.0,0.18,1927.0,0.08,0.64,13.2,1,0.61,13.7,9132.0,2028.0,8312.0,222.0,2,0,Female
656,35.0,84195.0,74.0,19.7,8.0,0.4,0.39,5.6,0.05,1713.0,0.18,0.49,5.9,1,0.26,3.7,8704.0,11922.0,5447.0,4037.0,0,0,Male
657,39.0,99311.0,12.3,9.1,165.0,3.6,0.29,2.3,0.1,131.0,0.18,0.41,4.6,3,0.36,5.6,11864.0,4243.0,12859.0,2096.0,0,2,Female
658,23.0,26782.0,63.7,16.2,12.0,2.7,0.83,4.5,0.12,978.0,0.51,0.38,7.4,4,0.26,12.1,3515.0,2322.0,4793.0,658.0,1,0,Female
659,42.0,22318.0,14.0,3.7,266.0,7.5,0.34,2.4,0.03,51.0,0.38,0.12,0.0,2,0.4,4.9,3077.0,3300.0,3941.0,843.0,2,1,Male
660,37.0,86236.0,95.2,20.1,14.0,6.6,0.71,7.8,0.15,1660.0,0.49,0.2,18.2,3,0.35,3.6,2211.0,4572.0,4323.0,7334.0,3,1,Female
661,31.0,94323.0,72.6,18.3,9.0,3.8,0.81,6.6,0.11,1409.0,0.23,0.55,11.9,6,0.38,3.1,11865.0,12375.0,14917.0,8810.0,3,2,Male
662,31.0,29593.0,95.1,5.2,6.0,2.7,1.0,2.7,0.02,478.0,0.34,0.45,9.1,2,0.46,9.6,1251.0,3797.0,5121.0,641.0,0,0,Female
663,41.0,93689.0,11.4,1.3,160.0,6.5,0.42,4.2,0.15,14.0,0.46,0.09,0.1,1,0.26,0.0,2889.0,7876.0,17259.0,4137.0,1,1,Female
664,36.0,91417.0,21.0,4.7,150.0,2.1,0.22,1.0,0.1,92.0,0.18,0.3,3.0,4,0.39,3.7,3689.0,10605.0,16868.0,5794.0,1,1,Male
665,43.0,21437.0,23.2,5.3,172.0,5.3,0.13,2.3,0.06,106.0,0.45,0.36,3.2,2,0.36,0.0,649.0,1863.0,1121.0,1878.0,3,0,Male
666,22.0,29668.0,67.9,20.0,23.0,1.4,0.83,5.7,0.06,1497.0,0.33,0.29,12.4,1,0.05,4.2,3447.0,792.0,4743.0,2149.0,1,1,Female
667,31.0,82146.0,86.2,24.7,6.0,4.3,0.85,6.7,0.13,2292.0,0.25,0.14,15.3,2,0.35,10.7,7384.0,7920.0,4280.0,6758.0,2,0,Male
668,40.0,102295.0,12.8,10.0,205.0,2.6,0.37,3.6,0.12,150.0,0.58,0.14,5.0,3,0.36,1.3,12269.0,4846.0,18488.0,9179.0,2,1,Male
669,48.0,91442.0,6.2,6.3,192.0,2.9,0.26,3.4,0.09,37.0,0.41,0.44,0.0,2,0.63,6.3,2849.0,6867.0,16064.0,7669.0,0,1,Female
670,49.0,27162.0,27.3,2.8,133.0,3.3,0.09,3.1,0.17,71.0,0.31,0.48,4.2,2,0.49,0.1,3644.0,1045.0,4121.0,33.0,2,0,Male
671,41.0,75193.0,17.1,3.0,147.0,3.2,0.23,2.6,0.08,54.0,0.14,0.45,0.3,1,0.46,0.0,7295.0,2106.0,11408.0,2054.0,1,1,Female
672,27.0,27148.0,76.8,22.8,9.0,2.8,1.0,5.5,0.15,1937.0,0.29,0.13,8.3,8,0.2,3.4,1506.0,3782.0,3071.0,1326.0,0,1,Female
673,47.0,83955.0,90.4,13.3,22.0,4.5,0.88,5.3,0.12,1405.0,0.2,0.18,6.4,5,0.45,0.0,8503.0,11566.0,9575.0,1365.0,3,1,Female
674,26.0,19672.0,62.4,20.6,24.0,3.0,0.75,5.8,0.0,1374.0,0.34,0.68,10.5,2,0.25,4.1,962.0,628.0,2027.0,1431.0,1,0,Female
675,46.0,29343.0,28.0,4.0,188.0,6.8,0.06,1.5,0.05,111.0,0.29,0.15,0.0,4,0.45,1.8,2919.0,1523.0,4455.0,1879.0,1,0,Male
676,28.0,24205.0,93.5,15.1,18.0,3.4,0.98,8.5,0.07,1608.0,0.39,0.51,6.8,1,0.37,2.7,2371.0,1681.0,2300.0,1175.0,2,0,Female
677,36.0,25139.0,93.2,18.7,24.0,0.2,0.78,5.5,0.04,1562.0,0.03,0.18,8.7,2,0.39,0.0,2038.0,1678.0,2115.0,1757.0,0,2,Male
678,25.0,13690.0,74.5,17.0,15.0,1.7,0.84,7.1,0.12,1493.0,0.23,0.21,12.6,2,0.43,12.8,1237.0,308.0,1728.0,1315.0,4,1,Female
679,34.0,71501.0,80.6,25.2,1.0,0.2,0.69,6.3,0.08,1843.0,0.13,0.4,11.2,1,0.47,4.5,4372.0,5811.0,12260.0,5683.0,1,1,Male
680,24.0,25291.0,69.7,19.8,18.0,3.0,0.88,6.2,0.08,1452.0,0.44,0.17,17.6,1,0.35,0.0,999.0,3008.0,3020.0,149.0,1,0,Female
681,29.0,27924.0,86.5,21.0,2.0,2.9,0.65,5.3,0.06,1725.0,0.41,0.33,10.1,2,0.52,0.0,2361.0,1830.0,3227.0,2354.0,2,0,Female
682,32.0,85591.0,84.3,23.1,13.0,5.7,0.9,7.0,0.05,2246.0,0.23,0.0,12.0,2,0.28,0.0,6196.0,4889.0,11554.0,2059.0,3,4,Male
683,28.0,86571.0,88.2,20.4,20.0,4.1,0.86,8.1,0.1,1893.0,0.36,0.0,11.8,4,0.73,9.5,6038.0,9297.0,13404.0,5248.0,1,1,Male
684,18.0,27055.0,78.2,26.6,19.0,3.6,0.92,3.6,0.1,2190.0,0.43,0.36,12.6,2,0.36,0.5,1330.0,2925.0,2204.0,1071.0,2,0,Female
685,44.0,37006.0,16.3,1.5,256.0,5.8,0.73,3.9,0.14,28.0,0.14,0.35,0.3,3,0.31,0.0,4835.0,3392.0,2684.0,2011.0,3,1,Female
686,37.0,28501.0,37.2,4.2,324.0,8.5,0.08,1.3,0.14,176.0,0.15,0.61,4.4,2,0.38,5.6,1963.0,2482.0,3730.0,2210.0,1,0,Male
687,29.0,97267.0,65.5,14.8,10.0,7.3,0.63,8.1,0.13,787.0,0.26,0.09,6.9,2,0.18,1.3,3356.0,12282.0,8885.0,6111.0,0,0,Male
688,33.0,83262.0,75.3,24.2,15.0,3.8,0.65,7.5,0.09,2123.0,0.35,0.28,11.1,7,0.36,8.4,8590.0,9107.0,14548.0,7882.0,1,1,Female
689,25.0,107879.0,5.9,4.7,273.0,5.0,0.45,1.9,0.1,32.0,0.07,0.34,0.0,3,0.01,1.5,14790.0,8979.0,11823.0,2366.0,1,0,Male
690,38.0,24556.0,24.8,6.5,218.0,7.0,0.44,1.9,0.06,174.0,0.08,0.0,0.0,2,0.29,0.0,3377.0,956.0,3654.0,1781.0,5,1,Female
691,26.0,33248.0,90.3,18.7,21.0,1.8,1.0,5.0,0.02,1675.0,0.24,0.37,4.9,2,0.37,2.1,1062.0,725.0,2727.0,625.0,3,2,Female
692,28.0,87132.0,81.6,20.2,6.0,1.6,0.53,5.1,0.03,1393.0,0.27,0.27,9.2,5,0.15,5.2,7388.0,3854.0,10967.0,3971.0,1,1,Male
693,52.0,32124.0,28.4,4.2,222.0,2.4,0.34,4.8,0.07,135.0,0.23,0.43,0.0,3,0.37,0.0,4521.0,822.0,4277.0,2584.0,0,1,Female
694,26.0,29179.0,87.7,14.9,5.0,0.8,0.83,7.2,0.11,1053.0,0.55,0.49,4.3,2,0.44,5.2,3825.0,3185.0,2563.0,1507.0,1,1,Female
695,40.0,91491.0,16.9,11.2,201.0,3.7,0.0,2.5,0.07,171.0,0.22,0.37,5.6,2,0.58,0.0,2942.0,7092.0,6211.0,3783.0,2,1,Male
696,32.0,82415.0,78.6,28.1,13.0,1.0,0.67,6.1,0.1,2173.0,0.35,0.28,13.9,1,0.38,7.5,9825.0,4992.0,11959.0,1895.0,3,3,Female
697,28.0,32205.0,71.8,16.1,36.0,3.7,0.79,3.3,0.08,1044.0,0.32,0.64,7.9,5,0.33,0.4,3294.0,4710.0,4502.0,3115.0,1,0,Female
698,27.0,27088.0,69.5,18.3,7.0,4.6,0.88,4.7,0.08,1369.0,0.31,0.77,12.5,5,0.4,4.8,742.0,1403.0,1518.0,1374.0,1,0,Female
699,44.0,83308.0,20.8,6.1,71.0,4.3,0.25,4.1,0.0,104.0,0.2,0.04,1.1,3,0.49,0.0,4168.0,4404.0,9351.0,5994.0,0,0,Female
700,46.0,23177.0,20.3,8.0,143.0,3.5,0.45,2.7,0.12,142.0,0.51,0.41,0.0,2,0.38,0.0,2010.0,1676.0,4600.0,2240.0,3,2,Male
701,33.0,82196.0,100.0,25.9,13.0,3.7,0.69,5.5,0.08,2169.0,0.18,0.0,19.4,2,0.48,4.4,10677.0,5546.0,7963.0,4620.0,2,2,Male
702,29.0,25057.0,75.2,17.0,15.0,2.3,0.6,6.0,0.1,1086.0,0.2,0.04,9.2,1,0.46,0.2,2878.0,2690.0,4066.0,413.0,2,0,Male
703,47.0,37860.0,32.0,4.4,270.0,3.8,0.27,3.8,0.11,141.0,0.19,0.0,0.0,3,0.5,0.0,4953.0,5417.0,4392.0,1328.0,3,1,Female
704,49.0,25313.0,15.6,5.1,253.0,4.3,0.0,1.5,0.06,93.0,0.2,0.42,6.7,3,0.5,4.5,2564.0,1928.0,3846.0,268.0,1,2,Male
705,38.0,98389.0,16.8,6.7,158.0,3.7,0.27,3.0,0.16,109.0,0.53,0.56,10.9,3,0.46,0.0,10615.0,6118.0,14715.0,9186.0,1,0,Female
706,33.0,84337.0,65.2,24.6,2.0,5.3,0.66,4.8,0.05,1824.0,0.36,0.08,11.2,2,0.44,3.7,1975.0,11623.0,13070.0,4510.0,1,0,Female
707,22.0,18678.0,74.3,12.2,35.0,2.1,0.74,3.5,0.09,770.0,0.19,0.81,1.9,2,0.22,0.0,505.0,1985.0,1035.0,250.0,3,1,Female
708,32.0,71043.0,91.2,19.7,5.0,1.4,0.85,7.9,0.1,1938.0,0.15,0.44,7.7,3,0.39,0.0,2158.0,2684.0,11579.0,5517.0,2,1,Female
709,40.0,90705.0,15.1,8.0,165.0,7.4,0.17,3.5,0.02,105.0,0.05,0.04,4.2,1,0.28,12.3,9289.0,8665.0,8033.0,1782.0,1,1,Female
710,52.0,95318.0,31.4,9.5,144.0,3.1,0.23,3.7,0.11,261.0,0.02,0.76,4.9,3,0.58,0.0,12346.0,4482.0,12409.0,998.0,3,1,Female
711,35.0,81262.0,77.3,24.1,1.0,4.6,0.47,4.3,0.13,1733.0,0.34,0.21,13.5,6,0.24,0.9,1628.0,6337.0,10751.0,1184.0,3,0,Male
712,36.0,88750.0,76.4,23.5,19.0,2.2,0.71,7.4,0.04,1460.0,0.36,0.24,9.7,5,0.45,0.0,5400.0,5068.0,9564.0,292.0,5,1,Female
713,32.0,79427.0,19.9,7.7,224.0,3.7,0.23,1.0,0.02,123.0,0.37,0.24,6.3,3,0.71,0.4,8281.0,8687.0,5087.0,3484.0,2,0,Female
714,29.0,18912.0,80.5,11.2,6.0,8.5,0.79,7.3,0.1,962.0,0.56,0.29,2.7,3,0.4,7.0,1434.0,2818.0,2780.0,156.0,1,0,Female
715,32.0,85917.0,89.4,13.9,23.0,2.9,0.54,4.7,0.09,1476.0,0.47,0.24,8.4,3,0.42,15.3,5344.0,9205.0,9804.0,6689.0,3,1,Female
716,23.0,22374.0,85.8,11.2,10.0,3.1,0.88,6.2,0.14,1050.0,0.29,0.23,10.0,4,0.23,1.8,2806.0,2485.0,3874.0,1207.0,1,1,Male
717,29.0,67331.0,84.2,30.0,21.0,4.1,0.42,7.8,0.09,2434.0,0.23,0.39,15.4,3,0.17,11.4,6114.0,9137.0,10625.0,2440.0,0,0,Female
718,52.0,25018.0,16.5,6.5,230.0,7.4,0.21,1.4,0.1,102.0,0.39,0.73,3.7,3,0.6,0.0,1419.0,1541.0,3298.0,753.0,4,1,Male
719,20.0,26090.0,76.6,10.7,44.0,3.5,0.91,6.6,0.07,704.0,0.19,0.04,8.0,5,0.56,7.4,2744.0,726.0,3907.0,1512.0,1,1,Female
720,29.0,24587.0,79.2,10.5,29.0,2.3,0.88,7.3,0.08,894.0,0.2,0.43,4.9,2,0.6,9.3,984.0,2093.0,3388.0,1088.0,1,0,Female
721,42.0,17197.0,18.5,2.6,283.0,4.9,0.15,1.7,0.07,56.0,0.16,0.62,4.4,3,0.34,0.0,480.0,1039.0,2805.0,75.0,2,1,Male
722,43.0,23671.0,26.9,5.5,171.0,2.7,0.0,4.3,0.06,138.0,0.57,0.12,0.0,6,0.35,8.0,1154.0,1024.0,1416.0,1148.0,1,0,Female
723,42.0,34222.0,24.8,0.9,210.0,3.8,0.09,5.4,0.04,25.0,0.32,0.31,7.0,2,0.63,0.0,4816.0,4621.0,4881.0,2259.0,0,0,Female
724,53.0,25888.0,11.5,5.0,180.0,5.4,0.09,4.2,0.05,56.0,0.42,0.33,0.0,4,0.57,0.0,2641.0,3446.0,1575.0,193.0,0,0,Female
725,37.0,84607.0,21.0,12.8,223.0,6.0,0.38,3.4,0.12,256.0,0.37,0.28,3.3,3,0.55,0.0,7232.0,3023.0,10800.0,4368.0,2,3,Female
726,36.0,94980.0,78.4,17.1,12.0,2.6,0.98,5.9,0.09,1366.0,0.49,0.39,8.3,9,0.5,0.0,8600.0,5782.0,17802.0,2300.0,2,0,Male
727,38.0,88689.0,18.2,6.8,275.0,3.9,0.12,2.4,0.09,129.0,0.26,0.21,3.8,6,0.36,0.4,7671.0,9514.0,7008.0,7.0,1,0,Female
728,44.0,18973.0,27.6,6.2,292.0,6.8,0.3,4.3,0.04,203.0,0.05,0.45,7.2,2,0.14,8.3,531.0,408.0,3065.0,513.0,1,0,Female
729,39.0,75939.0,52.9,20.4,9.0,3.1,0.75,5.8,0.06,1287.0,0.24,0.23,11.8,3,0.6,1.0,8720.0,9019.0,12313.0,4944.0,0,1,Male
730,25.0,29803.0,79.7,18.1,27.0,4.2,0.95,5.4,0.09,1575.0,0.29,0.56,12.8,2,0.35,4.4,2812.0,4306.0,2899.0,2309.0,2,0,Male
731,48.0,22956.0,1.0,5.0,209.0,5.1,0.07,1.0,0.14,6.0,0.4,0.15,1.2,2,0.4,0.0,2626.0,2104.0,4093.0,731.0,2,2,Male
732,28.0,24478.0,84.0,17.5,30.0,3.2,0.86,6.2,0.04,1595.0,0.47,0.32,7.6,2,0.32,5.6,3115.0,898.0,2517.0,63.0,3,1,Male
733,45.0,82536.0,35.6,7.9,178.0,5.6,0.45,3.9,0.08,311.0,0.13,0.39,4.6,7,0.16,2.0,8771.0,7376.0,4423.0,3923.0,3,1,Male
734,57.0,98576.0,22.2,8.6,310.0,3.2,0.31,3.9,0.17,195.0,0.21,0.33,9.4,4,0.43,0.0,10520.0,4003.0,8025.0,6960.0,2,2,Male
735,40.0,99640.0,15.7,7.7,219.0,2.6,0.21,3.9,0.1,120.0,0.32,0.3,3.3,5,0.31,0.0,6907.0,9321.0,9245.0,2526.0,1,1,Male
736,28.0,95590.0,73.7,24.2,15.0,4.1,0.86,4.4,0.11,2019.0,0.49,0.5,5.6,6,0.48,0.0,3872.0,10429.0,7321.0,5755.0,0,0,Male
737,41.0,81136.0,32.3,6.4,238.0,3.6,0.22,3.2,0.07,246.0,0.48,0.48,6.1,4,0.19,0.0,11833.0,2955.0,5607.0,639.0,1,0,Male
738,29.0,84803.0,75.0,23.2,16.0,5.4,0.83,4.5,0.01,1833.0,0.03,0.24,10.0,2,0.35,6.2,5026.0,7658.0,14817.0,5970.0,1,1,Female
739,20.0,29320.0,90.4,10.6,18.0,2.9,0.85,5.2,0.11,1121.0,0.25,0.13,1.9,5,0.37,5.6,4339.0,2610.0,3972.0,1361.0,4,0,Female
740,50.0,20543.0,27.1,3.0,177.0,6.0,0.35,1.0,0.09,79.0,0.51,0.4,3.3,3,0.29,0.0,2115.0,1948.0,3964.0,1309.0,2,0,Male
741,38.0,29840.0,28.8,1.8,199.0,4.4,0.51,7.1,0.04,63.0,0.3,0.16,2.2,4,0.63,3.6,3845.0,4339.0,4791.0,2902.0,2,1,Female
742,29.0,18880.0,75.4,17.5,2.0,0.9,0.75,6.0,0.18,1529.0,0.0,0.3,5.6,4,0.24,3.8,1956.0,1664.0,2935.0,1555.0,1,1,Male
743,37.0,17823.0,20.4,1.7,261.0,4.6,0.09,4.8,0.03,28.0,0.34,0.32,1.2,2,0.26,4.5,1501.0,1654.0,2436.0,867.0,0,1,Male
744,25.0,97143.0,87.9,24.7,11.0,0.8,0.85,6.6,0.0,2562.0,0.02,0.04,14.3,4,0.27,19.2,6770.0,8185.0,13143.0,3402.0,2,3,Female
745,36.0,83683.0,72.9,11.3,14.0,4.1,0.93,8.9,0.01,802.0,0.2,0.46,7.4,4,0.23,10.8,12354.0,8433.0,13220.0,183.0,1,1,Female
746,35.0,22178.0,14.3,0.0,267.0,2.2,0.0,4.5,0.0,0.0,0.36,0.37,2.0,2,0.48,0.0,3170.0,1887.0,3580.0,566.0,1,0,Male
747,40.0,79702.0,24.3,5.8,216.0,4.5,0.0,2.3,0.08,125.0,0.35,0.12,2.8,2,0.37,0.0,6212.0,5244.0,11963.0,2092.0,2,4,Male
748,47.0,93567.0,13.5,5.6,243.0,6.3,0.2,3.6,0.02,68.0,0.37,0.12,2.2,1,0.57,0.0,8570.0,4864.0,16763.0,6062.0,1,1,Male
749,60.0,28025.0,16.0,3.9,257.0,5.6,0.29,4.4,0.11,67.0,0.47,0.18,2.6,2,0.53,0.0,3278.0,1998.0,3548.0,211.0,1,0,Male
750,57.0,19077.0,21.1,4.2,182.0,5.0,0.31,3.9,0.15,96.0,0.25,0.5,0.0,0,0.66,2.6,2412.0,2193.0,1952.0,964.0,1,0,Male
751,39.0,104983.0,22.1,4.0,250.0,5.9,0.23,1.2,0.15,103.0,0.37,0.08,2.8,5,0.28,7.6,7778.0,8327.0,18429.0,2342.0,2,0,Male
752,49.0,30953.0,12.1,1.6,254.0,4.5,0.1,2.5,0.17,16.0,0.5,0.66,0.3,2,0.44,4.3,3189.0,2406.0,3070.0,766.0,1,0,Female
753,43.0,89379.0,1.0,5.9,156.0,1.0,0.09,2.8,0.11,5.0,0.29,0.11,3.0,7,0.36,0.0,12614.0,12503.0,13568.0,4373.0,0,0,Male
754,33.0,24127.0,79.7,10.3,20.0,4.6,1.0,4.7,0.12,905.0,0.44,0.41,6.4,6,0.44,0.0,3300.0,2528.0,3631.0,976.0,0,0,Female
755,54.0,90137.0,22.7,3.0,213.0,4.3,0.17,3.2,0.1,75.0,0.17,0.31,0.0,4,0.42,0.0,4163.0,9895.0,14658.0,6195.0,3,2,Male
756,18.0,30980.0,71.1,15.2,25.0,3.9,0.79,4.1,0.05,1167.0,0.09,0.2,1.8,4,0.16,9.6,2229.0,1342.0,4323.0,2110.0,1,1,Female
757,38.0,89854.0,22.9,2.5,120.0,5.5,0.29,5.5,0.12,57.0,0.37,0.23,3.6,3,0.15,0.0,2238.0,7852.0,6179.0,8863.0,1,0,Female
758,35.0,96174.0,81.3,29.3,13.0,1.4,0.78,7.6,0.06,2219.0,0.36,0.34,18.0,1,0.29,1.6,2525.0,4765.0,15797.0,6640.0,1,3,Female
759,21.0,31570.0,85.9,10.0,19.0,3.3,0.92,5.9,0.08,938.0,0.37,0.38,3.0,5,0.3,11.9,2375.0,778.0,4924.0,196.0,3,2,Male
760,42.0,93036.0,25.6,6.8,246.0,3.4,0.15,3.2,0.1,165.0,0.49,0.07,2.4,0,0.53,0.0,4267.0,5740.0,9776.0,7808.0,0,0,Male
761,46.0,81594.0,11.0,0.3,209.0,4.0,0.46,6.3,0.12,4.0,0.0,0.15,0.0,0,0.35,6.6,11497.0,6988.0,8202.0,3499.0,1,1,Male
762,47.0,27626.0,20.6,4.4,174.0,4.0,0.34,1.0,0.12,90.0,0.08,0.18,0.0,4,0.64,6.2,3539.0,3271.0,4553.0,2121.0,1,0,Male
763,37.0,79232.0,83.5,23.0,15.0,6.1,0.74,6.9,0.14,2053.0,0.25,0.0,8.9,4,0.13,12.7,9161.0,9715.0,9953.0,3836.0,1,1,Female
764,30.0,85121.0,75.6,34.9,7.0,2.3,0.78,9.9,0.0,2856.0,0.44,0.14,16.7,1,0.38,5.5,5906.0,8467.0,6661.0,7913.0,1,1,Female
765,21.0,25063.0,71.3,15.1,32.0,0.2,0.61,6.6,0.12,896.0,0.63,0.41,13.7,1,0.48,2.1,2046.0,1379.0,3580.0,147.0,2,1,Female
766,36.0,103684.0,16.6,5.2,202.0,4.7,0.15,2.3,0.04,89.0,0.29,0.44,5.2,3,0.35,0.0,7153.0,14390.0,15608.0,10286.0,0,0,Female
767,32.0,103588.0,10.8,6.8,163.0,7.5,0.44,2.4,0.11,66.0,0.53,0.0,3.7,3,0.42,0.0,6244.0,5927.0,9938.0,8206.0,1,0,Male
768,29.0,80756.0,29.6,9.6,185.0,2.0,0.31,4.0,0.09,296.0,0.45,0.58,0.0,4,0.41,0.0,6694.0,7331.0,13878.0,461.0,1,1,Female
769,36.0,94067.0,70.1,22.9,18.0,1.1,0.66,4.5,0.04,1732.0,0.21,0.44,15.2,2,0.18,0.0,9294.0,5733.0,13335.0,3708.0,3,0,Female
770,46.0,33516.0,25.6,5.6,232.0,3.0,0.23,3.2,0.13,146.0,0.18,0.57,1.1,4,0.61,0.3,3822.0,3378.0,5439.0,2076.0,3,1,Female
771,34.0,85222.0,84.8,24.8,7.0,0.2,0.81,6.8,0.03,1768.0,0.32,0.12,10.9,2,0.35,4.6,8095.0,6683.0,5410.0,4321.0,0,2,Male
772,34.0,89541.0,18.4,4.5,182.0,2.6,0.16,3.1,0.0,69.0,0.24,0.15,8.9,2,0.46,0.0,12821.0,5732.0,15765.0,1417.0,3,1,Male
773,36.0,27515.0,73.0,16.5,27.0,0.8,0.89,7.7,0.0,1293.0,0.4,0.26,5.6,5,0.13,0.0,1828.0,2860.0,4087.0,2365.0,2,0,Male
774,43.0,38893.0,25.7,2.7,267.0,7.3,0.55,1.0,0.08,60.0,0.41,0.2,4.7,2,0.44,2.9,2049.0,4997.0,3473.0,2070.0,1,1,Female
775,23.0,28222.0,70.8,19.2,5.0,2.6,0.59,7.4,0.17,1427.0,0.1,0.26,11.3,1,0.51,7.8,1408.0,599.0,4401.0,2815.0,2,2,Female
776,36.0,86775.0,96.7,23.9,19.0,6.9,1.0,7.0,0.03,2369.0,0.4,0.09,6.6,2,0.45,4.3,8112.0,3571.0,4639.0,3083.0,3,0,Male
777,26.0,35437.0,93.1,18.3,22.0,2.5,0.81,5.7,0.1,1464.0,0.21,0.5,13.4,4,0.46,0.0,2198.0,2014.0,6013.0,3527.0,1,0,Female
778,28.0,27169.0,67.2,15.4,5.0,2.4,0.7,7.0,0.1,996.0,0.57,0.36,10.2,3,0.12,0.0,1711.0,2023.0,2701.0,990.0,4,0,Male
779,44.0,27404.0,29.3,5.2,137.0,5.5,0.26,1.4,0.09,178.0,0.61,0.21,0.0,0,0.3,0.6,3217.0,1357.0,5418.0,91.0,0,1,Female
780,28.0,25093.0,83.2,15.3,38.0,4.3,0.69,3.9,0.16,1424.0,0.4,0.15,13.4,5,0.24,0.0,822.0,2022.0,1506.0,1340.0,0,1,Male
781,35.0,79816.0,17.3,6.1,144.0,3.2,0.0,5.3,0.1,98.0,0.33,0.43,2.6,6,0.27,0.0,2084.0,7116.0,15834.0,3709.0,2,1,Female
782,41.0,102460.0,18.1,4.0,136.0,4.7,0.13,2.5,0.08,78.0,0.12,0.44,2.5,1,0.34,0.0,3764.0,9294.0,12811.0,8981.0,0,0,Male
783,34.0,87163.0,81.0,18.6,16.0,3.3,0.73,5.4,0.02,1241.0,0.52,0.32,11.2,3,0.29,0.0,5414.0,5499.0,15629.0,4716.0,0,0,Female
784,28.0,22972.0,75.7,17.3,22.0,0.2,0.7,5.4,0.03,1216.0,0.4,0.32,5.8,6,0.61,1.1,2982.0,2181.0,3769.0,2218.0,0,2,Female
785,56.0,28515.0,20.0,4.1,304.0,3.5,0.16,1.9,0.13,79.0,0.52,0.0,6.0,3,0.47,0.0,3260.0,3015.0,1687.0,555.0,1,2,Male
786,39.0,85902.0,17.0,7.4,225.0,2.5,0.21,2.7,0.09,120.0,0.28,0.58,3.0,3,0.46,0.0,11276.0,2799.0,9427.0,2871.0,2,0,Male
787,27.0,25365.0,89.6,29.1,21.0,3.0,0.56,6.9,0.07,3081.0,0.03,0.45,9.6,1,0.65,0.0,2946.0,845.0,4004.0,712.0,2,2,Female
788,25.0,27333.0,82.1,19.4,35.0,1.9,0.57,4.1,0.02,1617.0,0.63,0.33,13.6,5,0.88,0.7,3485.0,2235.0,2244.0,469.0,0,2,Male
789,35.0,14712.0,29.2,3.0,293.0,7.2,0.16,1.3,0.12,71.0,0.4,0.07,5.4,3,0.26,0.6,1784.0,1605.0,950.0,197.0,2,2,Male
790,20.0,9161.0,98.4,18.8,20.0,3.5,0.79,6.7,0.05,2195.0,0.26,0.3,10.0,2,0.48,10.3,1203.0,297.0,998.0,849.0,1,0,Female
791,38.0,13940.0,22.1,4.9,251.0,3.1,0.25,3.3,0.1,101.0,0.26,0.69,1.0,3,0.49,5.0,1451.0,2011.0,2162.0,170.0,0,0,Male
792,63.0,27938.0,19.3,5.2,278.0,3.2,0.17,1.0,0.08,104.0,0.27,0.33,0.0,7,0.19,5.2,3047.0,815.0,2925.0,784.0,0,1,Female
793,43.0,94106.0,22.0,7.2,146.0,2.2,0.32,3.9,0.04,175.0,0.25,0.67,4.2,2,0.37,1.7,4455.0,3492.0,12615.0,3876.0,1,0,Male
794,26.0,18012.0,98.7,17.1,6.0,0.7,0.71,2.9,0.04,1962.0,0.34,0.54,13.5,3,0.41,9.6,2227.0,692.0,3079.0,1680.0,0,1,Male
795,37.0,91306.0,77.8,16.7,4.0,3.4,0.75,6.0,0.15,1253.0,0.09,0.49,7.1,3,0.37,0.0,7647.0,6253.0,16921.0,2101.0,1,1,Male
796,38.0,71663.0,22.5,7.8,128.0,4.3,0.46,1.5,0.11,198.0,0.48,0.59,0.9,2,0.27,0.0,1604.0,4465.0,11840.0,5604.0,1,0,Male
797,29.0,31479.0,100.0,21.6,5.0,3.2,0.75,4.5,0.13,1810.0,0.35,0.33,14.1,1,0.6,0.0,4546.0,2672.0,5253.0,661.0,1,1,Male
798,38.0,75467.0,1.0,1.4,202.0,2.1,0.44,1.0,0.09,2.0,0.13,0.22,4.4,3,0.44,0.0,2272.0,8370.0,7942.0,5383.0,3,0,Male
799,29.0,85931.0,78.1,20.5,1.0,2.6,1.0,5.2,0.04,1509.0,0.22,0.41,11.4,4,0.43,0.0,5252.0,9604.0,8171.0,6734.0,3,1,Female
800,26.0,22999.0,80.0,16.0,22.0,2.0,1.0,9.5,0.12,1167.0,0.39,0.0,3.8,4,0.23,0.0,1628.0,1062.0,3090.0,185.0,5,0,Female
801,43.0,93350.0,25.6,5.8,211.0,8.0,0.41,4.0,0.0,168.0,0.15,0.09,2.4,4,0.0,0.0,5261.0,5547.0,17297.0,5018.0,1,0,Male
802,39.0,88547.0,11.6,6.2,190.0,2.8,0.43,4.3,0.06,62.0,0.41,0.16,0.7,3,0.43,8.3,6513.0,12272.0,5176.0,5019.0,2,1,Male
803,40.0,88312.0,20.5,6.6,203.0,3.8,0.0,1.4,0.16,138.0,0.31,0.44,5.3,2,0.39,8.3,7740.0,3172.0,13557.0,8220.0,1,0,Male
804,30.0,21083.0,87.3,11.9,31.0,0.2,0.81,7.7,0.09,1119.0,0.38,0.16,6.0,1,0.32,0.0,2947.0,2659.0,4196.0,1758.0,1,0,Male
805,42.0,23088.0,40.3,6.1,138.0,8.2,0.32,1.0,0.0,242.0,0.32,0.11,3.3,4,0.21,0.0,1431.0,2548.0,2747.0,373.0,3,2,Male
806,37.0,96219.0,15.0,2.2,80.0,2.3,0.07,3.2,0.08,38.0,0.16,0.11,4.9,2,0.38,0.0,13907.0,4948.0,9634.0,6918.0,2,1,Female
807,35.0,85566.0,31.6,1.1,149.0,0.9,0.23,4.9,0.03,34.0,0.2,0.08,2.1,4,0.4,0.0,5444.0,6505.0,16312.0,1714.0,2,1,Male
808,34.0,32512.0,15.0,0.6,187.0,2.3,0.19,2.9,0.11,9.0,0.17,0.47,2.9,7,0.27,0.0,2700.0,3143.0,1912.0,2900.0,1,0,Female
809,37.0,103122.0,91.4,23.7,20.0,2.4,1.0,4.6,0.05,1754.0,0.26,0.13,3.6,3,0.42,1.2,5694.0,9572.0,20497.0,5426.0,4,1,Female
810,46.0,25975.0,23.6,1.9,173.0,0.9,0.37,3.7,0.11,50.0,0.45,0.24,0.0,4,0.25,4.9,2653.0,1059.0,2243.0,2329.0,2,0,Male
811,29.0,31328.0,72.5,17.8,8.0,2.8,1.0,7.4,0.06,1452.0,0.26,0.11,7.8,3,0.27,1.3,2676.0,1251.0,4225.0,373.0,0,2,Female
812,29.0,30648.0,86.1,18.0,24.0,1.4,0.65,8.6,0.09,1382.0,0.19,0.23,9.9,2,0.27,6.7,2415.0,2678.0,5998.0,891.0,5,1,Female
813,22.0,32170.0,66.5,16.2,16.0,6.3,0.7,4.6,0.05,1140.0,0.19,0.05,8.9,0,0.44,3.9,932.0,774.0,3489.0,1489.0,2,1,Male
814,25.0,102934.0,80.8,18.2,23.0,3.1,0.96,6.3,0.03,1737.0,0.26,0.56,9.8,4,0.48,1.2,14191.0,12692.0,13271.0,6526.0,1,1,Female
815,28.0,85535.0,100.0,28.0,22.0,0.8,0.68,7.3,0.04,3001.0,0.29,0.42,15.0,2,0.12,6.7,8912.0,8254.0,14289.0,6603.0,2,1,Male
816,23.0,25259.0,61.7,11.7,21.0,1.1,0.92,3.5,0.02,795.0,0.73,0.67,3.6,1,0.37,0.7,3726.0,3065.0,4121.0,1822.0,4,1,Male
817,30.0,92301.0,81.1,19.2,21.0,4.7,0.81,6.8,0.04,1828.0,0.26,0.29,11.4,3,0.76,3.5,10887.0,12638.0,17532.0,2103.0,1,1,Male
818,43.0,78967.0,5.9,10.1,187.0,9.3,0.24,4.6,0.18,61.0,0.41,0.19,7.6,5,0.25,9.7,10229.0,3545.0,14844.0,1530.0,2,1,Female
819,45.0,94308.0,18.6,11.2,204.0,7.8,0.56,2.2,0.13,173.0,0.56,0.24,7.8,3,0.28,5.6,12518.0,12989.0,5581.0,4145.0,0,1,Female
820,44.0,25738.0,15.0,7.0,241.0,1.7,0.12,3.6,0.05,107.0,0.4,0.58,2.8,3,0.33,0.3,535.0,3619.0,5030.0,1326.0,3,1,Male
821,32.0,84316.0,75.2,19.7,15.0,6.1,1.0,5.3,0.13,1244.0,0.28,0.18,10.0,4,0.36,0.0,4949.0,9442.0,15570.0,8016.0,1,3,Female
822,26.0,18152.0,69.0,18.9,30.0,0.2,0.8,6.3,0.0,1400.0,0.22,0.39,8.7,6,0.45,0.0,2066.0,2520.0,2659.0,1724.0,1,2,Male
823,27.0,21455.0,81.5,17.9,20.0,0.4,0.82,5.0,0.14,1406.0,0.15,0.44,13.6,2,0.56,0.0,2580.0,1512.0,1214.0,977.0,2,1,Female
824,43.0,91298.0,32.0,5.3,220.0,3.9,0.15,2.9,0.03,176.0,0.31,0.61,9.5,2,0.43,0.0,3958.0,7265.0,13477.0,3451.0,2,1,Male
825,25.0,16050.0,77.9,15.4,24.0,5.0,0.78,7.7,0.08,1155.0,0.11,0.62,9.8,3,0.52,1.6,395.0,540.0,2212.0,983.0,2,1,Male
826,28.0,27768.0,79.8,18.9,18.0,2.1,0.8,6.1,0.08,1263.0,0.26,0.22,7.2,2,0.22,0.0,4090.0,3378.0,2832.0,2557.0,0,2,Female
827,33.0,92765.0,85.2,25.0,21.0,4.1,0.95,4.8,0.12,2275.0,0.12,0.3,8.5,3,0.17,1.7,3334.0,3878.0,7857.0,5924.0,2,0,Female
828,42.0,35005.0,17.0,3.3,256.0,3.2,0.25,1.5,0.06,60.0,0.33,0.19,4.0,2,0.38,3.1,3077.0,1673.0,1935.0,1120.0,0,1,Male
829,31.0,69893.0,12.2,9.2,226.0,3.9,0.29,6.2,0.07,111.0,0.27,0.57,6.4,1,0.23,0.0,10084.0,5436.0,11993.0,1375.0,0,1,Female
830,27.0,77364.0,80.7,20.3,4.0,2.3,0.57,3.9,0.1,1311.0,0.24,0.52,7.6,8,0.23,4.7,7306.0,1957.0,11929.0,5181.0,2,1,Female
831,24.0,20403.0,82.6,14.1,24.0,0.5,1.0,3.3,0.1,1023.0,0.09,0.07,3.2,2,0.3,0.0,2657.0,2406.0,2195.0,1701.0,1,1,Female
832,31.0,103295.0,94.9,22.9,10.0,2.4,0.64,8.0,0.1,1887.0,0.72,0.2,10.1,2,0.46,3.7,9400.0,12070.0,15024.0,1517.0,1,0,Male
833,28.0,33174.0,26.3,7.6,142.0,5.1,0.07,2.5,0.02,213.0,0.03,0.18,0.0,1,0.52,0.0,1991.0,3756.0,2604.0,1321.0,1,0,Female
834,52.0,32969.0,34.4,1.0,241.0,2.3,0.16,1.0,0.16,32.0,0.06,0.47,0.0,0,0.42,0.0,3628.0,4590.0,6588.0,3272.0,0,1,Male
835,22.0,81760.0,96.5,22.8,12.0,2.6,0.44,4.9,0.16,2590.0,0.42,0.41,8.5,3,0.32,8.6,4021.0,10176.0,14052.0,6500.0,4,0,Male
836,33.0,87329.0,19.0,6.6,329.0,7.8,0.1,2.9,0.01,126.0,0.21,0.36,1.0,3,0.35,0.0,5909.0,11588.0,7127.0,7987.0,1,2,Male
837,25.0,24165.0,99.2,17.1,15.0,1.0,0.79,6.0,0.05,1912.0,0.07,0.12,2.9,0,0.4,3.7,2558.0,3225.0,1209.0,645.0,5,0,Female
838,34.0,87176.0,4.0,4.5,298.0,0.9,0.3,2.3,0.06,19.0,0.17,0.38,0.3,4,0.45,5.9,12038.0,12650.0,7862.0,1117.0,3,1,Male
839,27.0,32555.0,82.8,22.2,6.0,1.0,0.58,5.5,0.05,1782.0,0.04,0.15,11.8,2,0.38,3.2,2489.0,1608.0,3121.0,1517.0,0,1,Male
840,37.0,87705.0,84.4,15.0,14.0,6.3,0.63,7.1,0.07,1487.0,0.26,0.31,3.4,7,0.15,3.1,5467.0,5733.0,17087.0,4790.0,0,2,Male
841,30.0,23152.0,94.1,25.5,21.0,4.0,0.97,6.1,0.07,2424.0,0.5,0.28,15.2,1,0.29,5.7,2368.0,1397.0,4291.0,2090.0,2,1,Male
842,42.0,26754.0,18.3,6.6,328.0,4.1,0.2,2.1,0.1,144.0,0.37,0.61,2.8,7,0.47,10.1,1797.0,3436.0,3464.0,125.0,0,0,Male
843,36.0,92382.0,81.3,23.0,2.0,5.4,0.79,6.9,0.17,1800.0,0.24,0.48,6.3,2,0.61,4.3,6448.0,2053.0,10934.0,1448.0,2,3,Female
844,24.0,29491.0,89.3,25.5,8.0,3.1,0.63,5.9,0.0,1990.0,0.37,0.24,10.3,2,0.51,5.3,1890.0,889.0,3597.0,2081.0,1,1,Male
845,31.0,82583.0,79.0,21.4,1.0,4.1,0.92,6.1,0.08,1596.0,0.33,0.61,8.3,3,0.45,0.0,8376.0,5462.0,8594.0,3046.0,0,1,Male
846,19.0,30001.0,65.2,26.0,29.0,4.3,0.99,4.5,0.05,1561.0,0.19,0.23,15.6,2,0.62,1.7,1518.0,622.0,5163.0,1188.0,1,0,Male
847,52.0,26817.0,8.4,5.4,268.0,3.9,0.24,1.9,0.19,42.0,0.06,0.0,0.0,3,0.46,0.0,1046.0,2959.0,2019.0,229.0,1,0,Male
848,21.0,24181.0,86.7,20.1,22.0,1.3,0.77,2.2,0.0,1749.0,0.17,0.63,10.4,4,0.41,0.2,2501.0,2582.0,2817.0,1424.0,0,2,Female
849,33.0,92216.0,6.9,6.7,234.0,1.8,0.25,1.3,0.06,42.0,0.34,0.18,9.7,3,0.34,1.0,5765.0,11708.0,18428.0,6901.0,1,1,Female
850,46.0,86259.0,4.6,4.5,187.0,3.5,0.19,1.6,0.02,21.0,0.19,0.39,9.2,4,0.45,0.0,4416.0,2915.0,13692.0,6915.0,2,0,Female
851,39.0,81328.0,21.1,6.0,161.0,4.6,0.42,4.8,0.04,110.0,0.43,0.48,0.4,2,0.39,0.0,8785.0,7342.0,13556.0,1049.0,0,0,Male
852,23.0,26401.0,67.0,8.0,16.0,0.2,0.96,7.2,0.06,505.0,0.42,0.21,3.0,1,0.75,9.7,897.0,3290.0,4734.0,211.0,1,0,Male
853,42.0,29318.0,32.4,6.2,159.0,4.6,0.05,2.7,0.07,238.0,0.53,0.42,1.7,5,0.51,0.0,739.0,983.0,3035.0,671.0,2,0,Female
854,43.0,28538.0,12.3,3.3,292.0,3.3,0.12,1.0,0.09,48.0,0.1,0.0,0.0,2,0.59,0.0,628.0,3363.0,3424.0,2615.0,2,1,Male
855,19.0,22599.0,70.9,14.6,12.0,0.2,0.81,5.1,0.09,906.0,0.18,0.44,9.9,3,0.02,0.0,1604.0,2383.0,2506.0,1359.0,0,0,Female
856,35.0,24189.0,34.3,2.2,221.0,2.8,0.29,2.3,0.03,79.0,0.2,0.0,6.5,3,0.27,0.0,1524.0,1643.0,4110.0,82.0,1,2,Female
857,29.0,92813.0,85.1,12.1,14.0,1.8,0.73,6.0,0.14,1007.0,0.29,0.31,4.6,2,0.4,3.9,3014.0,2341.0,15238.0,8411.0,1,2,Female
858,43.0,83728.0,9.6,4.3,165.0,4.8,0.16,1.3,0.04,37.0,0.46,0.45,0.5,4,0.55,11.6,8224.0,12166.0,10997.0,268.0,2,1,Male
859,27.0,21889.0,79.9,12.4,1.0,3.0,0.76,4.8,0.13,1027.0,0.26,0.05,9.2,4,0.34,6.5,1394.0,3202.0,1353.0,1990.0,1,0,Male
860,26.0,35324.0,77.2,15.6,12.0,2.3,0.6,6.8,0.03,1374.0,0.0,0.32,13.7,2,0.36,0.0,3508.0,4075.0,2693.0,426.0,2,0,Female
861,32.0,21400.0,74.1,17.7,26.0,3.6,0.9,6.5,0.17,1352.0,0.0,0.61,13.3,5,0.62,8.2,1174.0,1938.0,2320.0,1960.0,2,2,Male
862,45.0,80851.0,14.3,5.3,94.0,2.6,0.23,1.8,0.0,90.0,0.29,0.14,4.1,3,0.34,0.0,4367.0,5439.0,4639.0,4596.0,1,0,Male
863,25.0,23105.0,76.8,23.7,7.0,1.7,0.78,5.2,0.22,2036.0,0.38,0.46,14.8,2,0.52,2.9,2366.0,2975.0,4185.0,1496.0,2,1,Male
864,39.0,29348.0,19.9,4.7,175.0,5.7,0.22,1.0,0.06,103.0,0.23,0.36,3.3,5,0.4,0.0,1139.0,4326.0,4747.0,2581.0,2,0,Female
865,32.0,28624.0,78.7,18.8,19.0,4.9,0.52,7.2,0.03,1259.0,0.56,0.56,14.0,4,0.74,7.2,2616.0,2270.0,4878.0,2329.0,1,0,Male
866,21.0,32231.0,80.8,14.3,18.0,0.2,0.78,7.0,0.0,1343.0,0.32,0.47,4.6,4,0.62,4.9,1461.0,2914.0,1864.0,1747.0,0,1,Female
867,39.0,93582.0,81.8,20.1,21.0,4.0,0.65,5.6,0.13,1607.0,0.46,0.02,11.7,3,0.53,6.3,13017.0,3281.0,11781.0,3452.0,1,1,Female
868,30.0,24340.0,21.3,5.5,219.0,1.9,0.32,1.1,0.15,103.0,0.42,0.45,5.5,2,0.29,4.9,2117.0,2108.0,4456.0,1379.0,2,0,Female
869,19.0,35755.0,66.8,18.2,15.0,3.5,0.9,10.2,0.16,1184.0,0.51,0.78,11.0,3,0.32,0.0,2072.0,3343.0,5254.0,2829.0,2,0,Female
870,25.0,24262.0,76.5,10.8,16.0,4.9,0.65,4.8,0.19,925.0,0.03,0.26,5.4,4,0.41,0.0,1513.0,879.0,1972.0,1656.0,3,0,Male
871,43.0,85708.0,23.0,6.6,217.0,5.4,0.14,1.7,0.1,177.0,0.13,0.64,0.0,3,0.26,1.5,11788.0,7134.0,4582.0,751.0,2,1,Male
872,38.0,94674.0,20.0,6.4,191.0,6.7,0.21,2.3,0.11,130.0,0.4,0.38,4.2,3,0.45,6.7,8864.0,5395.0,7103.0,7770.0,0,0,Female
873,30.0,81844.0,88.9,33.1,24.0,1.2,0.69,6.8,0.03,2364.0,0.3,0.54,18.6,2,0.58,0.7,6760.0,7248.0,10796.0,5951.0,2,1,Female
874,38.0,84793.0,12.6,9.0,94.0,6.8,0.13,3.6,0.12,109.0,0.02,0.34,5.2,5,0.21,0.0,8565.0,2793.0,15468.0,1371.0,2,2,Male
875,54.0,29925.0,15.5,0.0,316.0,2.2,0.11,3.3,0.05,0.0,0.57,0.46,2.9,2,0.61,0.0,4151.0,4238.0,4135.0,208.0,2,1,Female
876,46.0,28681.0,20.5,4.7,254.0,4.0,0.1,6.2,0.08,101.0,0.09,0.0,4.3,4,0.2,9.6,2735.0,4261.0,2434.0,1528.0,3,0,Male
877,38.0,88428.0,20.6,5.8,228.0,5.3,0.37,5.8,0.14,113.0,0.04,0.45,0.0,4,0.43,0.0,1771.0,5189.0,12709.0,7039.0,0,0,Male
878,43.0,81764.0,26.0,6.6,121.0,10.5,0.17,3.6,0.1,162.0,0.33,0.0,0.0,2,0.3,7.8,6175.0,2125.0,6843.0,1686.0,0,0,Female
879,32.0,29955.0,16.1,1.9,228.0,4.6,0.26,3.8,0.12,26.0,0.43,0.1,6.2,2,0.31,0.0,2007.0,2241.0,1929.0,2207.0,1,0,Female
880,21.0,31663.0,80.8,14.1,16.0,5.4,1.0,7.3,0.0,1094.0,0.0,0.09,10.9,7,0.48,0.0,4746.0,2144.0,3913.0,2981.0,1,3,Male
881,36.0,27639.0,88.3,15.0,23.0,3.4,0.7,7.8,0.0,1479.0,0.44,0.36,6.6,3,0.63,0.0,1532.0,1543.0,1886.0,665.0,1,2,Female
882,45.0,87349.0,18.6,5.0,241.0,4.9,0.1,1.0,0.1,81.0,0.37,0.44,0.0,4,0.47,0.0,12098.0,7282.0,4522.0,4284.0,3,1,Female
883,33.0,79412.0,72.8,22.1,17.0,3.1,0.86,3.6,0.03,1881.0,0.39,0.51,9.8,4,0.5,0.0,11270.0,7002.0,10800.0,5234.0,3,2,Female
884,37.0,83110.0,86.0,24.8,7.0,2.4,0.83,7.4,0.06,1960.0,0.22,0.57,13.7,4,0.23,1.8,8668.0,9541.0,5140.0,4310.0,2,0,Male
885,35.0,95401.0,78.5,15.1,18.0,1.3,0.84,7.2,0.14,1096.0,0.53,0.64,2.8,2,0.32,2.2,6808.0,13929.0,18540.0,8382.0,1,0,Female
886,44.0,14441.0,28.5,1.7,318.0,2.7,0.25,1.0,0.07,46.0,0.34,0.27,0.0,1,0.48,0.0,1858.0,1554.0,2515.0,600.0,1,0,Male
887,56.0,29503.0,26.9,4.9,221.0,1.4,0.0,2.9,0.1,114.0,0.51,0.31,0.0,2,0.42,2.7,2387.0,2912.0,4633.0,2073.0,1,0,Male
888,24.0,21188.0,91.0,25.8,14.0,1.9,0.91,5.0,0.17,2503.0,0.26,0.21,16.9,7,0.37,0.0,1204.0,684.0,1999.0,292.0,1,2,Female
889,36.0,32153.0,9.6,3.5,301.0,6.3,0.11,2.4,0.06,34.0,0.32,0.5,0.0,4,0.25,5.8,1298.0,1153.0,2598.0,139.0,1,1,Female
890,35.0,80141.0,60.1,28.0,26.0,5.4,0.34,8.5,0.1,1471.0,0.0,0.29,12.6,2,0.41,1.6,3120.0,9585.0,8684.0,4945.0,0,3,Female
891,25.0,89010.0,79.9,27.1,19.0,4.4,0.45,5.7,0.0,1765.0,0.45,0.19,10.4,2,0.44,0.0,7343.0,5623.0,5565.0,4721.0,0,3,Female
892,37.0,90588.0,15.0,2.8,127.0,5.0,0.1,5.4,0.09,45.0,0.31,0.31,0.0,1,0.18,0.5,13091.0,9222.0,16947.0,3547.0,2,0,Female
893,31.0,97791.0,83.5,29.6,15.0,3.4,0.52,5.7,0.04,2878.0,0.4,0.42,13.4,3,0.3,13.5,9344.0,10366.0,5340.0,5488.0,0,1,Male
894,44.0,79183.0,18.7,9.5,224.0,6.7,0.72,2.6,0.08,177.0,0.39,0.27,4.1,3,0.36,0.0,7210.0,6012.0,4058.0,4240.0,1,0,Male
895,62.0,27951.0,14.8,5.9,365.0,6.0,0.16,1.4,0.1,73.0,0.38,0.19,1.2,2,0.31,0.0,1449.0,1786.0,1666.0,1930.0,1,0,Male
896,36.0,67783.0,12.7,7.4,303.0,3.4,0.0,2.5,0.01,97.0,0.12,0.18,0.0,0,0.34,4.7,2742.0,9713.0,8695.0,2146.0,1,1,Male
897,35.0,94638.0,18.1,7.8,160.0,7.1,0.0,2.9,0.11,166.0,0.47,0.59,3.6,6,0.5,6.6,13193.0,3888.0,7718.0,7667.0,2,1,Male
898,24.0,93905.0,85.5,18.6,17.0,0.2,0.83,6.6,0.09,1632.0,0.29,0.27,14.8,3,0.23,7.0,8122.0,7631.0,15716.0,2363.0,1,0,Female
899,43.0,82034.0,15.4,5.9,214.0,5.6,0.4,3.0,0.04,73.0,0.53,0.63,6.1,4,0.37,4.3,4876.0,2195.0,8821.0,5125.0,2,2,Male
900,46.0,101819.0,18.9,5.9,159.0,3.2,0.36,4.7,0.06,124.0,0.52,0.33,3.4,3,0.34,4.2,5230.0,12484.0,10230.0,4020.0,2,2,Female
901,29.0,82655.0,87.7,14.8,19.0,4.4,0.78,4.7,0.1,1094.0,0.0,0.42,5.0,3,0.41,1.3,9363.0,2410.0,9672.0,2242.0,0,0,Female
902,32.0,91898.0,73.9,29.8,27.0,5.9,0.67,4.6,0.13,2212.0,0.62,0.59,13.5,2,0.64,3.6,2134.0,12730.0,14949.0,8824.0,1,0,Female
903,51.0,18651.0,24.6,2.9,131.0,7.7,0.15,3.2,0.09,60.0,0.59,0.52,0.0,3,0.61,0.0,2731.0,887.0,1848.0,1522.0,2,0,Female
904,43.0,32031.0,20.4,6.1,161.0,2.3,0.0,2.3,0.11,149.0,0.28,0.61,5.3,3,0.62,0.0,3100.0,4140.0,4675.0,281.0,0,3,Female
905,22.0,11480.0,85.7,22.7,23.0,3.2,0.95,6.4,0.01,1778.0,0.31,0.38,12.9,3,0.31,0.0,1308.0,705.0,1865.0,1045.0,0,0,Female
906,41.0,26369.0,23.9,3.5,181.0,2.5,0.07,1.4,0.19,74.0,0.43,0.42,2.7,2,0.39,0.0,2676.0,1373.0,2681.0,2057.0,1,1,Female
907,47.0,74076.0,73.4,28.4,7.0,4.4,0.63,7.9,0.02,2118.0,0.44,0.2,14.0,3,0.35,0.0,6136.0,5575.0,14500.0,1372.0,0,0,Female
908,32.0,28130.0,27.3,1.1,252.0,4.8,0.19,1.0,0.03,25.0,0.44,0.35,1.6,4,0.35,1.8,1737.0,4053.0,5129.0,2176.0,3,3,Male
909,34.0,108936.0,25.6,1.3,176.0,5.6,0.0,3.1,0.12,38.0,0.15,0.12,4.2,4,0.51,0.0,2309.0,3108.0,21733.0,7846.0,0,0,Male
910,42.0,20797.0,25.4,3.7,277.0,3.7,0.18,3.2,0.08,102.0,0.39,0.44,0.0,3,0.32,4.2,1616.0,2103.0,4048.0,1502.0,2,2,Female
911,22.0,20610.0,85.1,21.5,13.0,5.5,0.8,6.3,0.04,2066.0,0.18,0.35,11.4,1,0.33,0.0,2434.0,2235.0,3215.0,652.0,6,1,Male
912,50.0,35469.0,30.9,2.8,141.0,1.9,0.38,1.0,0.13,92.0,0.31,0.27,1.4,1,0.66,0.0,4443.0,2122.0,3980.0,1749.0,0,0,Male
913,48.0,72256.0,28.8,2.6,82.0,6.3,0.28,4.2,0.04,72.0,0.32,0.38,5.2,3,0.48,0.0,7514.0,7963.0,8363.0,6512.0,1,1,Female
914,34.0,98923.0,9.3,4.3,203.0,7.9,0.09,1.4,0.11,42.0,0.03,0.4,2.8,5,0.35,2.1,3077.0,5384.0,14513.0,2980.0,0,1,Male
915,51.0,94195.0,13.3,8.8,304.0,1.1,0.03,3.7,0.06,137.0,0.34,0.23,2.4,3,0.35,0.0,12779.0,4944.0,8627.0,984.0,2,1,Female
916,49.0,19904.0,19.6,2.4,246.0,7.2,0.3,2.1,0.03,38.0,0.57,0.16,0.0,6,0.24,0.3,1067.0,458.0,3231.0,222.0,1,1,Male
917,32.0,93764.0,100.0,22.7,6.0,4.0,0.81,5.0,0.03,2001.0,0.02,0.29,10.2,3,0.58,0.0,8493.0,11779.0,13718.0,8366.0,2,3,Male
918,50.0,35803.0,13.8,5.3,218.0,5.2,0.02,3.3,0.08,73.0,0.33,0.17,1.6,5,0.35,4.1,3658.0,3810.0,3043.0,2027.0,1,2,Female
919,29.0,96985.0,67.2,20.8,18.0,0.2,0.79,5.9,0.16,1220.0,0.35,0.6,8.3,7,0.16,0.0,4649.0,11059.0,15477.0,1071.0,2,0,Female
920,45.0,80361.0,14.9,7.0,183.0,7.8,0.18,4.5,0.06,100.0,0.39,0.33,2.0,4,0.28,0.0,9228.0,6360.0,10221.0,5022.0,1,2,Female
921,29.0,85608.0,17.8,8.1,167.0,3.0,0.27,5.5,0.12,153.0,0.33,0.46,0.9,2,0.59,4.6,1928.0,4721.0,15469.0,2116.0,1,0,Female
922,25.0,34705.0,83.5,20.5,24.0,0.2,0.81,7.0,0.13,1790.0,0.43,0.51,8.6,2,0.61,0.0,721.0,4445.0,3284.0,3067.0,1,0,Female
923,21.0,26642.0,79.6,6.6,10.0,3.0,1.0,6.8,0.07,616.0,0.17,0.27,4.4,3,0.24,2.0,1293.0,621.0,2390.0,2141.0,2,0,Female
924,40.0,25312.0,24.4,6.1,227.0,4.4,0.26,2.6,0.04,159.0,0.46,0.35,0.0,1,0.35,0.0,2488.0,3382.0,4813.0,1504.0,1,1,Female
925,38.0,91366.0,82.2,17.6,12.0,5.7,0.88,4.5,0.12,1315.0,0.34,0.41,7.6,5,0.31,8.7,10376.0,8026.0,12020.0,4888.0,0,1,Male
926,26.0,85404.0,97.1,23.1,20.0,3.7,0.63,4.1,0.07,1831.0,0.34,0.56,11.2,3,0.45,0.0,2237.0,3925.0,5299.0,4656.0,1,1,Female
927,27.0,29320.0,71.2,14.3,46.0,0.8,0.92,5.0,0.1,1039.0,0.24,0.14,8.9,6,0.21,9.6,603.0,2300.0,4603.0,428.0,4,1,Male
928,51.0,30837.0,9.8,3.5,193.0,1.8,0.22,1.3,0.04,37.0,0.27,0.38,4.1,2,0.03,0.0,2294.0,3154.0,5037.0,3053.0,2,0,Male
929,27.0,18334.0,96.1,21.7,38.0,0.9,0.39,7.7,0.04,2175.0,0.24,0.03,8.0,5,0.45,2.7,1015.0,2233.0,2835.0,1419.0,3,0,Female
930,41.0,89182.0,15.9,1.7,195.0,4.7,0.39,4.2,0.08,31.0,0.44,0.17,0.0,3,0.5,4.1,2615.0,8946.0,6015.0,5907.0,2,1,Female
931,42.0,15187.0,21.2,4.6,221.0,4.0,0.32,2.7,0.05,105.0,0.19,0.35,7.2,4,0.54,0.0,305.0,2188.0,911.0,293.0,3,1,Male
932,55.0,39286.0,18.7,3.7,241.0,0.2,0.17,1.4,0.11,75.0,0.54,0.37,1.3,5,0.6,5.8,3856.0,1331.0,7083.0,2645.0,1,1,Female
933,42.0,102208.0,8.6,8.2,178.0,4.4,0.3,2.0,0.12,72.0,0.44,0.46,2.7,0,0.29,2.4,12752.0,9041.0,7852.0,4220.0,2,1,Male
934,43.0,29784.0,15.0,5.4,186.0,3.8,0.21,3.9,0.1,81.0,0.23,0.36,2.9,3,0.55,3.6,1500.0,2875.0,5172.0,1767.0,0,2,Female
935,55.0,29283.0,15.4,6.4,230.0,4.9,0.27,2.7,0.08,84.0,0.38,0.18,2.2,1,0.43,4.0,3660.0,2105.0,4883.0,825.0,0,2,Male
936,46.0,35536.0,14.1,4.8,143.0,3.9,0.0,2.0,0.05,55.0,0.13,0.48,0.0,4,0.27,6.9,1255.0,1735.0,6641.0,2154.0,3,0,Female
937,27.0,78568.0,76.8,22.6,13.0,2.8,0.7,9.5,0.14,1980.0,0.17,0.39,9.1,1,0.44,3.3,5233.0,11167.0,13123.0,3882.0,2,0,Male
938,65.0,24745.0,21.5,6.9,207.0,4.7,0.0,1.1,0.09,148.0,0.25,0.19,4.0,3,0.51,0.0,1197.0,1043.0,3880.0,523.0,1,0,Male
939,51.0,13810.0,32.2,5.8,278.0,6.7,0.08,1.7,0.01,154.0,0.01,0.5,8.0,1,0.47,1.5,1702.0,987.0,2386.0,118.0,0,0,Female
940,53.0,23822.0,28.0,0.0,180.0,7.7,0.32,1.9,0.08,0.0,0.49,0.73,1.6,10,0.43,0.0,1662.0,3143.0,2168.0,2347.0,1,2,Male
941,45.0,20664.0,18.7,7.8,139.0,5.0,0.29,3.6,0.02,162.0,0.61,0.07,1.2,6,0.12,4.7,1837.0,1656.0,1835.0,9.0,3,2,Male
942,20.0,20957.0,70.3,13.5,15.0,2.5,0.65,7.9,0.06,799.0,0.38,0.21,4.7,0,0.68,0.0,621.0,1457.0,3810.0,169.0,3,1,Male
943,29.0,85521.0,83.5,18.8,18.0,2.9,0.54,6.6,0.09,1461.0,0.37,0.23,7.6,0,0.33,0.0,10188.0,1953.0,4658.0,8464.0,1,1,Male
944,35.0,106183.0,12.6,8.3,199.0,6.7,0.24,3.9,0.03,99.0,0.55,0.39,1.4,2,0.46,8.5,13552.0,3429.0,16687.0,4110.0,2,0,Female
945,28.0,26253.0,72.3,22.9,21.0,5.3,0.72,7.7,0.15,1394.0,0.13,0.61,10.7,3,0.43,5.5,1892.0,2869.0,3929.0,388.0,2,0,Male
946,57.0,27940.0,26.8,7.0,265.0,6.7,0.33,3.8,0.03,166.0,0.06,0.2,6.9,3,0.59,0.0,3065.0,2398.0,2164.0,2015.0,1,0,Male
947,48.0,82202.0,37.7,9.4,207.0,0.2,0.33,5.1,0.03,343.0,0.19,0.44,4.3,4,0.36,0.4,2059.0,8120.0,12809.0,368.0,1,1,Male
948,22.0,23466.0,77.0,18.7,17.0,4.7,0.84,8.1,0.04,1207.0,0.04,0.28,7.8,2,0.2,10.2,1912.0,1241.0,4217.0,254.0,3,0,Female
949,28.0,30017.0,77.4,15.7,20.0,5.1,0.76,5.7,0.02,1312.0,0.35,0.31,9.7,3,0.32,13.8,1695.0,3976.0,4359.0,221.0,1,0,Female
950,44.0,20842.0,28.5,4.5,216.0,4.3,0.05,1.9,0.14,120.0,0.33,0.0,0.0,2,0.22,0.0,1008.0,2451.0,1643.0,1457.0,1,0,Female
951,18.0,29489.0,74.3,14.7,20.0,2.8,0.77,5.3,0.03,1109.0,0.27,0.02,8.4,2,0.34,0.8,926.0,3010.0,2296.0,1984.0,2,2,Male
952,26.0,26858.0,100.0,22.8,20.0,6.8,0.71,4.8,0.13,2382.0,0.39,0.44,14.4,3,0.24,10.9,3155.0,1091.0,2234.0,89.0,1,1,Female
953,36.0,18982.0,21.1,4.8,240.0,4.7,0.04,1.0,0.0,83.0,0.26,0.49,0.7,0,0.5,2.8,641.0,2362.0,1450.0,882.0,2,0,Male
954,43.0,31157.0,9.0,4.7,249.0,5.8,0.22,2.7,0.17,38.0,0.33,0.15,0.2,2,0.53,0.0,4097.0,1748.0,3139.0,928.0,2,0,Male
955,37.0,79628.0,9.4,7.5,232.0,4.5,0.11,1.0,0.17,81.0,0.17,0.74,6.4,1,0.72,2.6,6466.0,5267.0,4432.0,67.0,1,1,Male
956,49.0,25468.0,14.9,3.6,132.0,5.1,0.24,1.0,0.08,52.0,0.29,0.55,3.1,5,0.41,5.3,1007.0,1762.0,2439.0,2272.0,1,0,Female
957,47.0,19311.0,24.9,2.5,272.0,6.0,0.25,3.2,0.01,62.0,0.22,0.46,2.3,4,0.34,5.6,633.0,454.0,1627.0,1702.0,2,1,Male
958,33.0,87222.0,85.3,26.3,3.0,4.6,0.77,6.4,0.11,2120.0,0.43,0.51,15.9,2,0.39,6.8,12415.0,12768.0,8742.0,6402.0,1,1,Male
959,41.0,78378.0,16.4,6.6,249.0,1.0,0.58,4.1,0.11,100.0,0.18,0.37,0.8,5,0.3,0.0,8680.0,11221.0,11449.0,4395.0,1,1,Female
960,41.0,73852.0,29.8,6.9,323.0,3.0,0.52,1.6,0.15,214.0,0.29,0.26,5.4,4,0.37,0.0,2923.0,6175.0,6603.0,1211.0,1,1,Male
961,35.0,28520.0,36.2,4.0,96.0,4.6,0.03,1.6,0.08,122.0,0.65,0.3,2.5,3,0.58,0.0,2795.0,3893.0,5672.0,765.0,1,0,Female
962,28.0,27527.0,74.6,7.8,5.0,6.1,0.85,8.1,0.04,639.0,0.29,0.5,2.2,7,0.32,0.0,2012.0,2640.0,4901.0,193.0,2,1,Male
963,36.0,88923.0,5.9,4.1,155.0,2.5,0.31,1.3,0.05,21.0,0.0,0.68,0.0,4,0.34,0.0,12580.0,12715.0,9373.0,3152.0,1,1,Female
964,18.0,92284.0,89.1,17.1,5.0,2.2,0.99,6.6,0.03,1688.0,0.12,0.46,8.2,6,0.54,7.6,12744.0,9444.0,18055.0,5624.0,2,3,Female
965,29.0,89067.0,85.5,24.0,12.0,2.5,0.75,8.8,0.06,1891.0,0.2,0.24,7.7,3,0.6,0.0,7683.0,6776.0,16680.0,601.0,1,1,Female
966,27.0,25184.0,68.0,24.7,16.0,1.7,0.76,4.7,0.15,1548.0,0.62,0.49,10.3,6,0.5,6.1,1968.0,2148.0,2879.0,2235.0,3,2,Male
967,36.0,74928.0,80.0,22.7,18.0,6.1,0.79,9.4,0.06,2144.0,0.42,0.64,7.5,6,0.42,7.9,7130.0,6528.0,11985.0,5592.0,5,1,Female
968,44.0,25955.0,13.5,5.6,290.0,2.6,0.06,2.2,0.13,67.0,0.35,0.45,1.6,2,0.45,7.2,3146.0,3597.0,2522.0,661.0,0,1,Female
969,38.0,26890.0,35.2,4.6,225.0,5.9,0.13,2.1,0.0,171.0,0.39,0.19,0.1,3,0.49,8.7,2445.0,2790.0,2437.0,1116.0,5,4,Male
970,27.0,27205.0,89.0,20.5,10.0,5.2,0.76,2.6,0.16,1939.0,0.36,0.47,12.5,5,0.29,0.5,2926.0,2075.0,2578.0,190.0,2,0,Female
971,46.0,89108.0,16.7,7.3,189.0,6.4,0.18,2.8,0.04,137.0,0.25,0.01,1.5,5,0.18,3.7,5457.0,8885.0,15002.0,5397.0,4,1,Female
972,45.0,87061.0,8.3,10.3,222.0,2.4,0.39,3.5,0.04,97.0,0.31,0.13,8.6,1,0.61,0.0,7435.0,7208.0,15034.0,4387.0,1,0,Male
973,43.0,97096.0,6.4,7.2,92.0,4.8,0.44,5.5,0.0,55.0,0.36,0.33,6.8,5,0.36,8.9,10279.0,8062.0,16807.0,3475.0,1,1,Male
974,29.0,83456.0,84.5,27.8,1.0,5.7,0.72,5.6,0.01,1885.0,0.11,0.57,10.8,3,0.24,6.0,2262.0,8857.0,7104.0,4278.0,2,0,Male
975,53.0,25530.0,14.3,2.1,195.0,7.3,0.47,3.6,0.09,26.0,0.0,0.88,2.0,2,0.17,5.1,2864.0,1896.0,1824.0,2551.0,0,2,Male
976,44.0,80724.0,13.4,2.8,290.0,7.9,0.13,2.9,0.0,40.0,0.17,0.27,0.0,2,0.26,7.4,7951.0,2328.0,10253.0,7591.0,2,1,Male
977,39.0,34103.0,30.0,0.6,258.0,5.0,0.18,2.2,0.04,22.0,0.34,0.18,1.9,7,0.34,1.8,3269.0,5071.0,2529.0,1684.0,2,1,Female
978,22.0,11321.0,99.0,16.2,18.0,1.2,0.93,4.1,0.06,1688.0,0.0,0.43,9.4,3,0.48,7.1,1530.0,1598.0,1303.0,760.0,1,1,Female
979,40.0,31237.0,22.3,5.7,195.0,4.3,0.47,2.0,0.16,121.0,0.21,0.06,8.7,4,0.42,0.0,2324.0,3924.0,2384.0,633.0,2,0,Male
980,41.0,87905.0,9.2,10.8,252.0,4.1,0.32,1.0,0.09,81.0,0.15,0.21,0.1,6,0.35,0.0,7324.0,12507.0,12199.0,2451.0,1,0,Male
981,38.0,93424.0,3.0,7.9,116.0,4.3,0.01,2.7,0.12,24.0,0.48,0.47,2.4,2,0.29,0.0,11719.0,7722.0,9824.0,1305.0,3,0,Female
982,45.0,77719.0,22.8,4.9,211.0,6.4,0.28,3.5,0.13,127.0,0.43,0.46,6.8,2,0.43,1.4,9119.0,4600.0,10657.0,5081.0,4,0,Male
983,42.0,81071.0,23.8,2.9,301.0,5.1,0.08,3.4,0.07,75.0,0.38,0.37,0.0,5,0.55,0.7,9856.0,11004.0,11399.0,3448.0,2,0,Male
984,29.0,83997.0,76.3,9.5,20.0,3.8,0.69,3.3,0.08,766.0,0.35,0.4,4.4,1,0.4,9.9,3648.0,2431.0,5500.0,4031.0,0,1,Male
985,26.0,24253.0,69.4,22.5,13.0,1.3,0.72,5.3,0.01,1711.0,0.46,0.72,14.5,3,0.46,6.5,3064.0,621.0,4475.0,1907.0,0,1,Female
986,47.0,90790.0,26.7,2.0,356.0,0.4,0.2,1.2,0.13,49.0,0.02,0.74,0.0,4,0.56,0.0,6124.0,9773.0,15023.0,8921.0,1,0,Male
987,32.0,90857.0,75.2,29.9,27.0,5.6,0.8,6.6,0.1,2621.0,0.31,0.53,14.9,5,0.37,3.4,11945.0,3130.0,17002.0,6336.0,1,0,Female
988,29.0,21936.0,67.0,22.5,31.0,4.0,0.63,3.8,0.05,1580.0,0.42,0.49,16.4,3,0.45,6.2,1089.0,2092.0,2367.0,475.0,0,0,Male
989,42.0,32668.0,27.0,4.2,188.0,5.5,0.44,2.7,0.04,136.0,0.27,0.37,2.4,3,0.64,0.8,1157.0,3392.0,5416.0,528.0,0,1,Male
990,19.0,23679.0,83.3,13.5,10.0,0.2,0.89,5.8,0.1,932.0,0.56,0.13,4.8,1,0.06,16.2,2334.0,1629.0,2628.0,1530.0,0,2,Male
991,32.0,78928.0,73.9,26.5,24.0,5.4,1.0,6.0,0.08,1800.0,0.13,0.35,17.4,8,0.35,9.3,11091.0,11520.0,12534.0,2916.0,3,1,Female
992,25.0,31187.0,63.8,18.1,30.0,2.5,0.84,5.5,0.08,1057.0,0.24,0.61,10.5,4,0.45,0.3,3668.0,2289.0,6212.0,713.0,3,1,Male
993,42.0,28618.0,16.3,2.1,294.0,7.6,0.14,3.6,0.04,34.0,0.0,0.39,0.0,2,0.49,0.0,1783.0,1975.0,3246.0,1094.0,0,2,Female
994,49.0,21193.0,8.9,6.5,223.0,5.7,0.0,3.6,0.0,60.0,0.19,0.54,1.9,5,0.46,9.3,550.0,521.0,2389.0,1411.0,3,1,Male
995,47.0,23114.0,22.3,1.2,273.0,6.4,0.53,2.3,0.06,28.0,0.46,0.45,0.0,3,0.26,0.0,1312.0,1248.0,4121.0,1433.0,2,1,Male
996,22.0,96340.0,29.6,1.8,187.0,4.3,0.31,1.0,0.11,58.0,0.16,0.25,0.0,2,0.33,0.0,11173.0,3044.0,5589.0,6832.0,1,1,Female
997,28.0,24053.0,74.1,24.0,41.0,3.1,0.8,6.7,0.12,2027.0,0.01,0.25,8.5,5,0.27,0.0,1984.0,2675.0,2317.0,2271.0,0,0,Male
998,43.0,79691.0,18.4,7.7,273.0,2.5,0.09,1.7,0.01,127.0,0.44,0.32,2.9,6,0.39,7.8,6951.0,6621.0,4850.0,5396.0,1,1,Female
999,60.0,26261.0,15.6,2.8,365.0,6.1,0.34,4.0,0.11,49.0,0.39,0.37,0.0,1,0.52,0.3,2248.0,2315.0,3441.0,1609.0,2,1,Male
1000,37.0,99279.0,68.8,18.4,23.0,1.1,0.81,1.0,0.06,1096.0,0.37,0.05,3.5,2,0.26,4.7,12512.0,12659.0,15343.0,644.0,3,2,Male
1001,43.0,87936.0,9.8,4.1,130.0,5.3,0.0,3.0,0.0,46.0,0.29,0.34,5.7,2,0.39,0.0,5899.0,6174.0,5124.0,3041.0,0,2,Male
1002,56.0,36507.0,19.8,2.9,206.0,7.6,0.06,1.2,0.09,61.0,0.43,0.26,1.3,6,0.34,3.5,4261.0,2420.0,2993.0,3592.0,3,0,Female
1003,35.0,73499.0,82.6,25.2,7.0,0.2,0.78,7.2,0.09,1869.0,0.17,0.22,11.7,2,0.27,0.0,3208.0,5776.0,5136.0,5434.0,1,1,Female
1004,48.0,21459.0,22.4,5.1,225.0,4.6,0.28,1.0,0.18,136.0,0.1,0.37,2.1,2,0.42,13.8,2115.0,2746.0,3487.0,475.0,1,1,Female
1005,60.0,27009.0,27.6,4.7,200.0,8.2,0.2,1.0,0.14,141.0,0.1,0.27,0.0,5,0.26,0.0,1436.0,3115.0,5120.0,364.0,2,1,Male
1006,26.0,21849.0,59.4,11.8,21.0,0.6,0.52,6.9,0.08,727.0,0.3,0.34,3.8,3,0.26,2.3,532.0,2543.0,3382.0,88.0,0,0,Female
1007,27.0,26194.0,72.7,13.5,24.0,2.6,0.76,4.6,0.1,845.0,0.31,0.36,11.4,0,0.25,1.9,2916.0,1489.0,4146.0,2176.0,2,2,Male
1008,48.0,29392.0,32.4,2.6,322.0,3.4,0.0,3.8,0.08,80.0,0.23,0.24,6.4,5,0.5,0.0,1617.0,3743.0,4447.0,248.0,1,1,Male
1009,49.0,21499.0,20.6,4.5,307.0,7.3,0.0,1.0,0.03,81.0,0.32,0.36,0.7,1,0.43,0.0,2354.0,496.0,2081.0,1045.0,1,2,Male
1010,35.0,86193.0,100.0,23.0,13.0,5.0,0.33,7.4,0.16,2604.0,0.22,0.02,13.0,2,0.46,0.0,10493.0,5954.0,11563.0,6744.0,1,0,Female
1011,29.0,14154.0,70.9,17.7,33.0,1.5,0.83,8.1,0.06,1382.0,0.25,0.35,13.4,1,0.52,1.7,1201.0,1960.0,1241.0,1280.0,2,2,Female
1012,42.0,24278.0,36.0,0.3,272.0,4.8,0.18,2.6,0.03,10.0,0.59,0.54,0.0,1,0.45,0.0,1222.0,2639.0,1306.0,1915.0,1,0,Male
1013,43.0,19448.0,13.2,5.6,155.0,3.8,0.47,1.2,0.07,85.0,0.18,0.33,3.5,3,0.31,3.0,1066.0,774.0,2897.0,654.0,0,1,Male
1014,35.0,94125.0,64.2,23.3,7.0,2.7,0.96,5.8,0.09,1512.0,0.42,0.43,17.2,2,0.4,6.3,7868.0,3887.0,14995.0,4407.0,2,2,Female
1015,24.0,28687.0,100.0,11.8,22.0,3.9,0.95,6.7,0.0,1184.0,0.2,0.48,10.2,9,0.23,0.0,2952.0,779.0,2519.0,2451.0,0,0,Female
1016,31.0,31872.0,69.7,24.5,19.0,3.7,0.76,3.6,0.14,1883.0,0.6,0.0,9.0,2,0.09,5.0,3941.0,1078.0,2840.0,2864.0,2,2,Female
1017,51.0,28434.0,15.7,3.6,167.0,2.3,0.2,4.1,0.05,48.0,0.39,0.38,4.6,4,0.58,0.0,3782.0,2622.0,5396.0,2046.0,3,3,Male
1018,33.0,80041.0,11.2,1.3,256.0,6.1,0.25,1.2,0.05,16.0,0.32,0.38,0.2,2,0.27,0.0,4703.0,9986.0,10009.0,2532.0,0,1,Female
1019,34.0,91799.0,18.7,8.0,47.0,3.7,0.31,1.9,0.01,165.0,0.01,0.52,7.8,3,0.39,2.8,9499.0,1841.0,14513.0,5758.0,2,0,Female
1020,45.0,29204.0,20.5,3.8,259.0,4.8,0.18,3.1,0.16,64.0,0.51,0.19,0.0,4,0.35,0.0,1704.0,2828.0,5636.0,1683.0,0,2,Female
1021,44.0,21383.0,14.8,5.2,214.0,3.5,0.28,2.7,0.0,68.0,0.44,0.17,2.0,5,0.44,5.2,2872.0,1863.0,2862.0,756.0,3,1,Male
1022,30.0,77499.0,93.2,19.7,6.0,5.3,0.69,7.1,0.06,1620.0,0.16,0.41,6.6,3,0.49,7.1,4595.0,11176.0,15040.0,1822.0,0,1,Male
1023,37.0,87231.0,79.2,21.5,2.0,6.1,0.91,6.2,0.1,1519.0,0.17,0.52,9.4,3,0.62,9.2,12992.0,10889.0,13952.0,1218.0,2,1,Male
1024,55.0,20572.0,23.1,2.0,210.0,0.2,0.24,1.0,0.1,49.0,0.67,0.27,0.0,2,0.21,2.8,623.0,1521.0,4003.0,549.0,1,0,Male
1025,37.0,28714.0,25.5,4.4,150.0,3.2,0.2,3.4,0.15,101.0,0.14,0.31,0.0,2,0.5,0.1,4275.0,1206.0,3542.0,2475.0,1,1,Male
1026,41.0,26421.0,19.9,3.0,228.0,4.1,0.07,2.0,0.07,70.0,0.27,0.55,1.9,3,0.45,0.9,2667.0,1326.0,4844.0,1035.0,1,0,Female
1027,29.0,25109.0,94.3,17.6,29.0,5.4,0.88,7.0,0.01,1876.0,0.47,0.51,9.4,1,0.16,8.9,747.0,1252.0,4163.0,1173.0,1,0,Female
1028,27.0,94323.0,77.7,29.9,22.0,2.5,0.69,8.1,0.02,2535.0,0.33,0.59,14.7,4,0.32,0.0,14132.0,2649.0,11339.0,6548.0,1,0,Male
1029,44.0,82681.0,23.9,9.1,278.0,3.2,0.36,4.4,0.01,254.0,0.31,0.44,0.9,5,0.52,0.0,9895.0,11196.0,15346.0,6640.0,1,3,Male
1030,29.0,30714.0,61.4,17.1,34.0,0.4,0.74,4.9,0.03,1015.0,0.56,0.54,9.5,2,0.26,12.3,1582.0,2233.0,4584.0,379.0,3,2,Female
1031,42.0,87698.0,17.4,5.9,271.0,5.0,0.2,1.0,0.06,112.0,0.35,0.24,0.4,4,0.45,0.0,7812.0,4676.0,14060.0,485.0,1,1,Male
1032,24.0,27629.0,91.2,21.8,21.0,0.7,1.0,4.4,0.12,2292.0,0.28,0.41,9.0,2,0.48,6.7,2421.0,1599.0,4924.0,169.0,4,1,Female
1033,54.0,26426.0,17.0,3.5,204.0,3.9,0.38,3.3,0.02,64.0,0.52,0.57,5.5,5,0.63,11.6,1958.0,1558.0,2484.0,1790.0,0,0,Female
1034,42.0,86787.0,22.7,0.0,142.0,2.7,0.12,5.3,0.09,0.0,0.26,0.41,0.0,5,0.6,2.4,7425.0,2485.0,7532.0,20.0,1,1,Male
1035,24.0,24268.0,92.2,7.4,9.0,2.8,0.85,8.6,0.09,561.0,0.18,0.21,4.3,3,0.59,0.0,3564.0,3233.0,2558.0,108.0,0,0,Female
1036,39.0,98794.0,26.7,2.7,174.0,2.7,0.18,3.6,0.07,77.0,0.41,0.0,2.2,1,0.52,0.0,12707.0,4063.0,11081.0,2070.0,0,1,Female
1037,46.0,91503.0,26.6,7.0,211.0,5.4,0.08,2.2,0.07,171.0,0.33,0.67,2.3,3,0.43,0.0,10399.0,6876.0,5034.0,7681.0,3,0,Female
1038,50.0,21283.0,6.5,1.0,259.0,5.4,0.05,1.4,0.12,6.0,0.25,0.43,2.7,2,0.5,0.0,1879.0,1584.0,2637.0,496.0,3,0,Male
1039,41.0,86170.0,92.2,20.2,17.0,3.9,0.87,7.6,0.07,1854.0,0.23,0.25,12.4,4,0.63,1.5,9021.0,8819.0,15286.0,1980.0,2,3,Female
1040,49.0,86259.0,6.4,5.9,196.0,5.9,0.09,4.3,0.1,44.0,0.07,0.21,6.5,2,0.26,1.9,5202.0,6592.0,9407.0,7497.0,0,2,Male
1041,47.0,75913.0,18.0,12.3,271.0,5.4,0.13,2.6,0.05,198.0,0.36,0.49,3.1,4,0.32,3.6,8897.0,10883.0,8784.0,3120.0,1,0,Female
1042,32.0,27266.0,79.9,15.9,12.0,7.5,0.88,7.1,0.09,1349.0,0.28,0.33,9.6,1,0.62,0.0,1946.0,1302.0,5152.0,64.0,2,0,Female
1043,38.0,93694.0,19.5,2.7,168.0,6.1,0.25,2.5,0.06,43.0,0.43,0.17,1.9,3,0.33,0.0,11356.0,12222.0,11717.0,4389.0,0,1,Male
1044,44.0,17793.0,10.1,4.8,236.0,6.6,0.16,1.0,0.11,57.0,0.05,0.55,2.3,2,0.51,0.0,360.0,928.0,3223.0,1350.0,3,3,Male
1045,23.0,70723.0,84.0,20.4,9.0,3.3,0.49,5.2,0.09,1789.0,0.49,0.39,6.4,4,0.48,0.0,2412.0,2396.0,7887.0,7001.0,3,3,Female
1046,25.0,25289.0,79.6,13.9,14.0,6.4,0.67,6.2,0.0,922.0,0.5,0.79,8.6,3,0.47,8.6,599.0,3164.0,3805.0,2392.0,2,1,Male
1047,41.0,95262.0,25.7,9.2,230.0,3.2,0.06,1.5,0.15,274.0,0.37,0.73,4.5,6,0.04,3.4,5187.0,2522.0,9430.0,4856.0,1,1,Female
1048,27.0,21761.0,100.0,16.6,27.0,3.4,0.8,6.3,0.15,1959.0,0.37,0.09,11.3,3,0.5,8.5,2619.0,513.0,2003.0,885.0,0,0,Female
1049,40.0,83458.0,9.8,4.8,174.0,3.0,0.24,1.8,0.09,39.0,0.27,0.56,0.0,4,0.32,5.0,10994.0,9183.0,5248.0,3554.0,3,1,Female
1050,41.0,74693.0,12.8,12.2,283.0,5.9,0.35,4.5,0.11,140.0,0.56,0.23,6.6,7,0.36,0.0,7690.0,5605.0,6642.0,710.0,0,0,Female
1051,18.0,26853.0,85.0,25.0,11.0,6.8,0.87,6.5,0.07,2138.0,0.5,0.5,16.0,4,0.36,0.0,3864.0,1670.0,3769.0,764.0,1,0,Female
1052,35.0,26890.0,21.5,5.8,171.0,7.7,0.36,2.3,0.09,129.0,0.06,0.36,0.0,4,0.34,1.7,2290.0,1983.0,4796.0,1954.0,0,3,Male
1053,45.0,21602.0,27.7,2.5,179.0,7.4,0.1,1.4,0.12,74.0,0.22,0.32,4.7,3,0.55,0.0,3178.0,2833.0,1906.0,1963.0,0,1,Male
1054,26.0,79819.0,85.5,27.2,17.0,6.1,0.86,7.0,0.1,2377.0,0.5,0.3,8.6,3,0.48,3.9,10403.0,6030.0,6540.0,2407.0,2,0,Female
1055,32.0,27130.0,73.0,4.1,12.0,2.9,0.95,5.0,0.16,261.0,0.49,0.54,10.1,5,0.6,7.7,677.0,3760.0,5103.0,1234.0,1,1,Female
1056,38.0,21764.0,29.8,5.9,313.0,5.4,0.26,5.9,0.12,198.0,0.12,0.71,7.1,4,0.63,0.5,3157.0,1290.0,3488.0,836.0,1,1,Male
1057,40.0,79284.0,75.0,19.0,20.0,6.3,0.8,4.0,0.11,1167.0,0.32,0.59,8.9,7,0.39,10.7,10221.0,11090.0,11976.0,1791.0,2,1,Female
1058,26.0,16913.0,97.7,17.7,28.0,6.9,0.71,3.6,0.05,1653.0,0.45,0.34,8.0,7,0.29,4.8,1827.0,2331.0,1148.0,1021.0,3,1,Female
1059,24.0,25678.0,76.4,19.0,8.0,4.9,0.54,3.8,0.11,1333.0,0.28,0.12,12.7,4,0.4,2.4,1315.0,3523.0,3341.0,1159.0,0,1,Male
1060,48.0,28045.0,19.1,6.3,96.0,3.2,0.23,2.1,0.16,138.0,0.19,0.32,0.7,3,0.5,0.0,1379.0,2632.0,2511.0,190.0,1,1,Female
1061,25.0,28984.0,76.3,25.3,7.0,0.4,0.87,8.4,0.06,1671.0,0.5,0.5,9.5,2,0.21,0.0,2880.0,2578.0,2201.0,1468.0,0,1,Male
1062,28.0,23942.0,75.2,12.6,5.0,3.3,0.8,3.7,0.07,936.0,0.26,0.52,5.5,4,0.33,17.4,1870.0,2327.0,1930.0,2339.0,0,1,Female
1063,42.0,31136.0,24.5,2.1,102.0,3.4,0.44,4.8,0.0,57.0,0.17,0.09,1.1,5,0.4,0.0,2739.0,1938.0,2822.0,2399.0,0,1,Female
1064,46.0,20929.0,14.9,0.8,116.0,7.4,0.19,2.6,0.1,10.0,0.35,0.39,0.0,4,0.54,0.0,2069.0,826.0,2750.0,526.0,0,0,Female
1065,25.0,21522.0,76.6,14.3,8.0,5.0,1.0,6.8,0.17,1213.0,0.56,0.39,7.1,0,0.46,2.7,934.0,3136.0,3187.0,659.0,0,1,Female
1066,20.0,25655.0,95.1,25.2,19.0,6.0,0.71,6.6,0.08,2622.0,0.27,0.39,11.5,1,0.19,0.9,1503.0,922.0,4404.0,597.0,1,0,Male
1067,30.0,32688.0,26.1,5.3,324.0,4.5,0.28,2.4,0.11,115.0,0.26,0.06,2.8,1,0.21,1.5,708.0,4360.0,2479.0,1780.0,4,1,Female
1068,34.0,72445.0,72.6,16.2,1.0,5.5,0.68,5.3,0.11,1396.0,0.24,0.38,18.2,4,0.05,5.0,9469.0,9105.0,8331.0,2371.0,3,2,Female
1069,28.0,18311.0,90.3,14.2,23.0,3.7,1.0,5.0,0.0,1308.0,0.46,0.11,5.6,3,0.27,0.0,2195.0,824.0,3018.0,723.0,0,0,Male
1070,32.0,101160.0,88.8,12.6,6.0,5.0,0.65,5.3,0.02,978.0,0.16,0.51,7.2,2,0.64,6.9,6944.0,5938.0,5112.0,6150.0,2,0,Female
1071,31.0,80921.0,83.0,16.4,13.0,5.6,0.97,6.5,0.01,1429.0,0.3,0.26,7.4,1,0.28,0.0,9175.0,9444.0,7921.0,6344.0,3,2,Female
1072,48.0,23702.0,10.0,3.1,176.0,2.2,0.2,3.8,0.06,31.0,0.23,0.24,3.4,4,0.63,5.0,3497.0,2259.0,3061.0,929.0,3,2,Female
1073,26.0,95728.0,90.4,33.7,24.0,1.8,0.6,5.7,0.09,3396.0,0.3,0.5,17.3,5,0.09,6.0,5261.0,5581.0,9441.0,3073.0,3,0,Female
1074,23.0,25832.0,82.0,18.1,33.0,6.0,0.69,5.5,0.09,1703.0,0.36,0.34,8.2,3,0.38,4.8,2543.0,2884.0,1997.0,191.0,0,0,Female
1075,52.0,28478.0,12.8,3.5,292.0,1.8,0.0,1.4,0.16,40.0,0.46,0.46,0.0,1,0.35,0.0,586.0,1254.0,2259.0,456.0,0,0,Male
1076,37.0,84881.0,82.9,30.1,26.0,4.9,0.8,4.7,0.07,2390.0,0.43,0.48,15.9,4,0.48,0.0,7950.0,2395.0,10935.0,7503.0,4,0,Male
1077,32.0,84277.0,14.7,5.2,194.0,2.1,0.19,2.2,0.12,72.0,0.33,0.32,3.7,3,0.49,0.0,3883.0,4613.0,4499.0,871.0,3,2,Female
1078,39.0,30990.0,22.5,6.1,184.0,7.2,0.33,3.1,0.08,128.0,0.05,0.38,9.0,3,0.23,0.2,3934.0,4088.0,2646.0,2826.0,2,0,Male
1079,34.0,86584.0,77.5,18.0,20.0,1.1,0.65,6.5,0.11,1492.0,0.29,0.52,7.6,4,0.38,0.0,12691.0,6022.0,14665.0,4114.0,0,1,Male
1080,23.0,28027.0,84.9,15.8,8.0,3.2,0.68,6.5,0.14,1161.0,0.29,0.36,6.3,4,0.28,0.0,2209.0,1355.0,2202.0,1400.0,2,1,Female
1081,31.0,27871.0,81.9,22.7,26.0,1.0,0.97,6.2,0.07,1866.0,0.16,0.11,12.8,3,0.52,0.0,1756.0,2251.0,3635.0,1357.0,2,0,Female
1082,18.0,28814.0,96.1,18.1,17.0,3.2,0.77,6.1,0.11,1892.0,0.37,0.47,8.7,4,0.35,1.4,3840.0,1818.0,4914.0,814.0,1,0,Male
1083,35.0,21165.0,28.6,4.2,282.0,3.1,0.15,3.0,0.13,132.0,0.15,0.24,2.3,3,0.29,0.0,543.0,2949.0,1619.0,479.0,4,2,Male
1084,44.0,83168.0,19.0,7.8,115.0,5.4,0.25,4.1,0.05,166.0,0.28,0.27,8.2,4,0.26,2.0,10234.0,9263.0,12774.0,662.0,3,0,Male
1085,28.0,94307.0,100.0,19.8,11.0,2.3,0.69,5.4,0.1,2340.0,0.13,0.63,11.9,2,0.17,8.5,9655.0,9150.0,12683.0,3830.0,1,0,Female
1086,32.0,25011.0,91.3,17.1,27.0,4.3,0.97,4.7,0.04,1696.0,0.1,0.33,6.4,5,0.39,0.5,1108.0,2985.0,3876.0,33.0,1,3,Female
1087,29.0,21681.0,66.2,19.4,22.0,3.1,0.84,5.3,0.13,1102.0,0.51,0.23,9.2,2,0.66,1.1,3100.0,693.0,4027.0,1156.0,1,1,Female
1088,35.0,75382.0,72.9,22.0,1.0,4.5,0.78,6.9,0.03,1891.0,0.26,0.17,11.6,1,0.36,5.8,5924.0,9842.0,14608.0,5229.0,3,0,Male
1089,24.0,31671.0,74.3,16.5,26.0,3.4,1.0,3.4,0.01,1171.0,0.18,0.04,2.6,2,0.34,4.6,1376.0,1729.0,2322.0,1916.0,0,0,Female
1090,55.0,21321.0,26.1,4.1,181.0,4.7,0.18,3.2,0.12,99.0,0.28,0.26,0.0,3,0.44,0.0,3177.0,763.0,2452.0,1215.0,0,2,Female
1091,39.0,25849.0,13.1,2.8,279.0,2.6,0.23,1.8,0.11,34.0,0.0,0.73,7.7,3,0.34,4.0,1306.0,3493.0,1417.0,544.0,0,0,Male
1092,27.0,21781.0,89.6,24.7,16.0,0.2,0.73,5.1,0.09,2321.0,0.36,0.06,15.3,5,0.4,0.9,1547.0,2291.0,2759.0,346.0,1,0,Male
1093,26.0,27491.0,82.0,25.7,24.0,0.7,0.84,7.6,0.08,2063.0,0.12,0.64,15.7,7,0.3,0.0,3388.0,1916.0,4058.0,2149.0,0,1,Female
1094,46.0,20897.0,24.1,3.2,286.0,7.8,0.24,2.8,0.09,68.0,0.37,0.38,2.5,6,0.28,0.0,3065.0,1750.0,3266.0,1839.0,3,0,Female
1095,19.0,28634.0,80.2,17.9,11.0,4.5,0.81,7.9,0.12,1191.0,0.29,0.06,5.5,3,0.36,5.2,1025.0,3660.0,2855.0,32.0,0,0,Male
1096,19.0,31114.0,84.0,15.5,9.0,1.5,0.89,4.8,0.11,1338.0,0.55,0.43,7.5,1,0.57,0.6,2001.0,3149.0,2673.0,951.0,2,1,Female
1097,41.0,87469.0,24.6,4.3,216.0,4.1,0.33,2.2,0.12,94.0,0.39,0.49,0.7,2,0.33,7.4,3714.0,8705.0,15140.0,4513.0,1,0,Male
1098,25.0,20006.0,74.6,14.7,10.0,3.1,1.0,6.0,0.07,1049.0,0.54,0.13,8.1,3,0.48,5.6,1252.0,2116.0,2955.0,1027.0,1,0,Male
1099,30.0,80259.0,80.4,26.6,12.0,4.6,0.74,6.7,0.12,2309.0,0.36,0.61,15.8,2,0.45,2.0,3272.0,10965.0,10102.0,7885.0,0,2,Female
1100,26.0,87964.0,77.0,22.3,23.0,8.8,0.66,7.2,0.11,1724.0,0.06,0.54,9.2,2,0.24,3.7,12590.0,11711.0,4527.0,6972.0,2,1,Female
1101,36.0,35338.0,17.3,4.3,190.0,6.1,0.36,4.4,0.09,78.0,0.27,0.15,3.5,2,0.33,0.3,3986.0,4361.0,2283.0,1345.0,2,1,Male
1102,41.0,27432.0,20.5,5.5,170.0,5.3,0.2,2.3,0.0,94.0,0.42,0.22,8.3,7,0.5,2.5,1205.0,1674.0,3774.0,1828.0,0,0,Male
1103,58.0,17582.0,28.0,1.2,180.0,0.2,0.1,2.2,0.11,41.0,0.34,0.09,2.5,2,0.13,0.6,947.0,2608.0,1816.0,1100.0,0,0,Male
1104,28.0,28418.0,75.2,15.3,26.0,1.3,0.75,4.3,0.04,1286.0,0.42,0.22,7.7,3,0.41,0.0,1912.0,3845.0,3351.0,1670.0,1,1,Female
1105,43.0,96836.0,24.7,9.0,137.0,4.8,0.15,4.8,0.0,197.0,0.29,0.38,5.5,1,0.47,6.1,2925.0,10181.0,15655.0,1174.0,1,1,Male
1106,35.0,102021.0,25.4,4.6,209.0,3.4,0.65,1.4,0.06,105.0,0.42,0.29,2.5,6,0.46,0.0,8324.0,14167.0,11359.0,7121.0,3,1,Male
1107,41.0,35144.0,29.7,4.6,181.0,5.8,0.29,1.0,0.11,139.0,0.12,0.09,3.6,3,0.46,4.7,3318.0,3844.0,1921.0,96.0,2,0,Male
1108,45.0,81100.0,14.5,2.2,177.0,4.0,0.23,3.4,0.17,33.0,0.41,0.0,6.8,5,0.41,1.8,4523.0,6491.0,8978.0,7151.0,1,0,Female
1109,49.0,24822.0,20.9,0.4,117.0,0.7,0.14,1.3,0.1,9.0,0.21,0.58,2.1,3,0.22,1.1,1310.0,1737.0,2033.0,1706.0,4,1,Male
1110,37.0,94247.0,6.4,7.0,218.0,3.7,0.37,2.8,0.09,51.0,0.1,0.36,1.1,1,0.6,10.1,2134.0,7653.0,7542.0,6869.0,1,0,Male
1111,42.0,84982.0,91.6,28.3,21.0,0.3,0.98,8.4,0.0,2903.0,0.23,0.32,18.1,8,0.28,12.6,10934.0,3953.0,6414.0,2512.0,3,1,Female
1112,43.0,95973.0,21.9,7.7,108.0,4.7,0.18,4.5,0.12,135.0,0.24,0.65,3.2,1,0.21,0.0,2755.0,4625.0,5246.0,3491.0,2,0,Female
1113,29.0,87139.0,72.0,21.3,19.0,5.5,0.43,5.9,0.13,1351.0,0.48,0.16,13.4,2,0.44,3.7,10203.0,4785.0,12057.0,5386.0,2,2,Female
1114,43.0,92945.0,78.5,27.9,16.0,2.3,0.67,4.7,0.09,2228.0,0.36,0.47,13.0,4,0.39,1.4,9853.0,3444.0,17921.0,4476.0,3,0,Female
1115,30.0,88610.0,75.0,12.2,13.0,4.5,0.8,6.1,0.12,995.0,0.6,0.22,2.8,1,0.34,8.2,7537.0,2984.0,4528.0,144.0,2,1,Female
1116,32.0,18979.0,26.4,6.6,196.0,1.8,0.45,3.3,0.1,199.0,0.32,0.35,3.9,4,0.3,0.0,2380.0,2712.0,3659.0,1767.0,2,2,Male
1117,22.0,24599.0,98.2,12.4,31.0,2.6,0.86,5.5,0.1,1172.0,0.08,0.33,10.3,3,0.68,9.3,3353.0,3408.0,1698.0,1391.0,2,2,Female
1118,38.0,85838.0,69.8,23.0,17.0,2.5,0.51,9.2,0.08,1644.0,0.24,0.57,9.4,1,0.16,3.3,4277.0,10948.0,15863.0,6262.0,1,0,Male
1119,46.0,94711.0,11.5,5.7,210.0,5.6,0.45,5.6,0.12,62.0,0.37,0.46,0.5,4,0.3,0.8,4429.0,6937.0,6700.0,292.0,1,2,Female
1120,31.0,100249.0,36.8,5.7,182.0,3.9,0.21,4.3,0.13,187.0,0.44,0.17,4.8,5,0.64,0.0,3165.0,8011.0,11931.0,1415.0,3,0,Male
1121,40.0,24101.0,19.3,3.9,226.0,7.1,0.32,3.5,0.07,84.0,0.36,0.18,5.1,2,0.35,3.3,2234.0,2730.0,2816.0,1139.0,2,0,Female
1122,37.0,76155.0,87.4,23.2,18.0,6.0,0.66,5.2,0.0,1802.0,0.08,0.16,13.7,2,0.39,10.9,9709.0,3970.0,6273.0,1054.0,4,3,Male
1123,31.0,93297.0,89.2,25.5,15.0,2.2,0.54,6.2,0.06,2086.0,0.39,0.08,9.9,1,0.22,0.0,8478.0,3330.0,15866.0,9104.0,0,1,Female
1124,41.0,78766.0,20.9,6.7,294.0,4.5,0.33,2.8,0.07,167.0,0.24,0.57,0.0,4,0.34,2.9,5166.0,1991.0,7721.0,348.0,0,1,Female
1125,23.0,30204.0,91.6,22.8,20.0,3.7,0.77,3.8,0.04,1853.0,0.19,0.33,10.2,2,0.48,0.0,4150.0,4376.0,2120.0,247.0,0,2,Male
1126,36.0,93008.0,19.3,13.2,203.0,4.8,0.21,4.5,0.04,234.0,0.5,0.35,7.4,2,0.3,0.0,8955.0,8129.0,18373.0,3136.0,3,1,Male
1127,24.0,28479.0,75.8,23.2,4.0,0.6,0.7,4.1,0.06,2091.0,0.5,0.39,8.9,1,0.5,13.6,864.0,597.0,4680.0,610.0,2,1,Male
1128,58.0,31307.0,19.6,5.8,317.0,6.8,0.1,3.1,0.25,135.0,0.13,0.21,0.0,2,0.41,0.0,4342.0,2894.0,5008.0,1664.0,2,1,Male
1129,24.0,23468.0,77.3,13.3,24.0,2.6,0.84,7.7,0.09,961.0,0.3,0.59,13.2,2,0.46,5.6,1503.0,2846.0,2641.0,28.0,1,0,Female
1130,32.0,78399.0,82.9,19.2,13.0,5.9,0.75,6.1,0.01,1898.0,0.62,0.69,12.5,5,0.42,7.4,9619.0,6005.0,11479.0,5920.0,0,0,Male
1131,26.0,21973.0,73.9,17.2,43.0,0.6,0.71,5.1,0.16,1506.0,0.64,0.69,9.6,5,0.3,0.0,2354.0,3063.0,2253.0,961.0,1,0,Male
1132,37.0,83910.0,22.4,7.3,320.0,2.6,0.24,1.0,0.15,136.0,0.11,0.19,4.8,3,0.4,0.0,6129.0,4451.0,7179.0,5342.0,1,1,Male
1133,48.0,26072.0,18.5,1.9,117.0,4.2,0.08,3.9,0.12,29.0,0.39,0.2,1.0,3,0.31,0.0,3422.0,763.0,4952.0,747.0,0,2,Male
1134,26.0,89948.0,100.0,24.9,8.0,1.5,0.6,5.3,0.17,1997.0,0.12,0.27,12.6,2,0.32,5.9,10851.0,11885.0,15163.0,8405.0,1,2,Male
1135,24.0,21337.0,71.2,17.3,41.0,2.8,0.9,6.6,0.03,1102.0,0.34,0.49,8.7,3,0.51,5.4,2289.0,901.0,2278.0,594.0,3,2,Female
1136,42.0,85336.0,33.3,8.6,227.0,5.2,0.39,5.1,0.11,288.0,0.12,0.17,5.5,0,0.54,0.0,8962.0,2758.0,13832.0,6690.0,1,2,Male
1137,58.0,29445.0,33.6,2.6,184.0,4.4,0.03,1.8,0.03,71.0,0.14,0.5,3.8,5,0.84,7.9,2378.0,3564.0,3558.0,1566.0,3,1,Male
1138,44.0,105685.0,13.1,0.0,232.0,5.1,0.23,1.7,0.11,0.0,0.21,0.67,0.5,6,0.06,0.0,7010.0,8196.0,20681.0,1202.0,1,1,Female
1139,46.0,88817.0,18.2,0.0,235.0,3.9,0.29,3.8,0.08,0.0,0.46,0.33,0.0,2,0.4,0.0,10681.0,10533.0,16653.0,5748.0,0,0,Male
1140,22.0,23062.0,79.0,14.6,33.0,4.1,1.0,8.1,0.0,1112.0,0.3,0.48,4.1,3,0.54,1.8,1271.0,1354.0,4138.0,1362.0,1,3,Male
1141,22.0,103773.0,84.2,32.7,16.0,4.4,0.76,5.7,0.0,2978.0,0.0,0.4,15.2,2,0.52,3.3,9046.0,11230.0,15616.0,1114.0,0,0,Male
1142,27.0,21991.0,65.6,18.4,25.0,3.5,0.98,5.1,0.14,1261.0,0.24,0.73,7.5,3,0.6,0.0,1561.0,885.0,1875.0,1272.0,0,0,Female
1143,48.0,26950.0,19.4,1.4,212.0,6.2,0.41,2.7,0.12,30.0,0.42,0.52,1.1,1,0.47,0.0,1600.0,992.0,3714.0,695.0,1,1,Male
1144,37.0,77058.0,90.6,23.0,28.0,2.5,0.67,6.7,0.07,1805.0,0.16,0.23,15.5,3,0.26,2.7,6362.0,8705.0,7117.0,3424.0,2,2,Female
1145,43.0,19973.0,22.5,8.1,276.0,6.8,0.36,3.4,0.1,152.0,0.26,0.43,8.1,1,0.44,0.0,1340.0,1401.0,3974.0,883.0,1,0,Male
1146,48.0,30330.0,18.0,5.0,195.0,6.8,0.3,3.8,0.18,86.0,0.0,0.26,2.9,3,0.58,0.0,2848.0,2598.0,2445.0,4.0,0,0,Female
1147,38.0,23288.0,10.9,3.0,294.0,2.3,0.3,2.9,0.05,28.0,0.56,0.6,0.0,2,0.53,0.0,2666.0,2459.0,1645.0,1829.0,1,0,Male
1148,35.0,84116.0,14.7,2.9,155.0,3.6,0.28,7.9,0.07,49.0,0.19,0.19,2.0,3,0.44,0.0,12176.0,6957.0,6190.0,1501.0,0,0,Female
1149,46.0,97276.0,9.1,7.3,152.0,3.2,0.16,2.7,0.09,67.0,0.49,0.58,1.2,0,0.14,3.0,13725.0,3260.0,11242.0,6694.0,2,0,Male
1150,30.0,20905.0,79.8,16.2,45.0,0.7,0.43,5.3,0.07,1192.0,0.39,0.55,6.8,1,0.41,7.0,2993.0,2260.0,1776.0,335.0,1,1,Male
1151,40.0,79449.0,90.0,20.4,20.0,1.4,0.82,6.6,0.0,2081.0,0.22,0.33,12.4,4,0.63,0.0,5674.0,8237.0,9057.0,3126.0,0,0,Male
1152,55.0,29758.0,25.2,8.2,189.0,4.4,0.13,4.3,0.0,184.0,0.09,0.4,10.3,5,0.47,0.0,1545.0,2894.0,1515.0,1745.0,3,0,Male
1153,47.0,92927.0,26.5,0.0,350.0,0.2,0.25,3.9,0.05,0.0,0.15,0.46,2.2,0,0.34,3.8,12145.0,6487.0,13103.0,2388.0,1,2,Male
1154,24.0,33081.0,84.7,21.6,30.0,3.1,1.0,6.7,0.06,2036.0,0.19,0.58,12.5,4,0.51,7.4,3430.0,2992.0,4755.0,248.0,1,1,Female
1155,36.0,95622.0,84.7,20.5,17.0,2.4,0.8,4.9,0.15,1618.0,0.27,0.64,9.4,4,0.38,7.5,9445.0,13508.0,4798.0,4032.0,2,1,Male
1156,28.0,22033.0,62.3,25.6,35.0,5.3,0.98,6.2,0.06,1481.0,0.47,0.2,11.3,7,0.45,3.0,928.0,925.0,3782.0,1999.0,1,0,Male
1157,40.0,78333.0,22.6,10.1,270.0,3.8,0.19,3.8,0.07,186.0,0.25,0.34,1.5,5,0.42,0.0,10728.0,3574.0,9521.0,1177.0,3,0,Female
1158,30.0,95822.0,8.2,10.7,254.0,0.4,0.38,1.7,0.03,84.0,0.56,0.38,5.3,2,0.28,0.8,13520.0,5438.0,8905.0,5054.0,0,2,Male
1159,33.0,101720.0,93.5,29.7,28.0,2.3,0.74,7.0,0.12,3183.0,0.31,0.25,15.4,7,0.35,0.0,10945.0,8724.0,6267.0,6492.0,2,0,Female
1160,20.0,34014.0,85.8,24.3,29.0,4.3,1.0,5.2,0.02,1917.0,0.18,0.2,10.3,4,0.38,6.2,3965.0,3924.0,3859.0,2037.0,2,0,Male
1161,33.0,90059.0,94.1,22.0,13.0,2.5,0.76,6.7,0.09,2211.0,0.54,0.47,10.6,2,0.32,0.7,9191.0,2141.0,7515.0,8969.0,1,0,Female
1162,46.0,94028.0,16.9,2.1,198.0,2.1,0.22,1.0,0.03,30.0,0.37,0.31,2.3,2,0.73,5.0,12087.0,9490.0,6396.0,8348.0,0,1,Female
1163,31.0,28780.0,70.5,15.8,22.0,0.9,0.74,8.2,0.05,1059.0,0.06,0.51,9.1,2,0.56,1.3,3573.0,3039.0,5163.0,2283.0,1,0,Female
1164,50.0,89373.0,10.9,9.2,129.0,6.5,0.23,6.8,0.13,89.0,0.22,0.17,0.0,2,0.3,2.8,8981.0,9064.0,7519.0,1865.0,2,0,Female
1165,24.0,21280.0,90.4,15.1,20.0,2.2,0.82,6.9,0.14,1519.0,0.2,0.58,2.6,2,0.33,4.4,693.0,2043.0,1272.0,1018.0,1,0,Male
1166,45.0,27057.0,13.4,0.5,192.0,6.3,0.0,1.1,0.15,9.0,0.25,0.54,0.0,9,0.4,5.2,689.0,1643.0,1602.0,256.0,1,1,Female
1167,25.0,25851.0,92.0,19.7,14.0,5.4,0.68,7.2,0.02,1634.0,0.17,0.43,7.7,3,0.42,8.6,2461.0,2589.0,2009.0,1797.0,1,0,Female
1168,31.0,84642.0,77.2,24.6,13.0,2.4,0.9,6.1,0.14,2071.0,0.55,0.35,12.6,2,0.69,0.0,11824.0,6517.0,6383.0,633.0,2,2,Male
1169,43.0,22766.0,16.5,5.4,194.0,6.1,0.02,1.7,0.08,106.0,0.34,0.11,1.5,1,0.76,5.9,796.0,1215.0,3083.0,1432.0,2,2,Female
1170,32.0,20239.0,90.5,18.0,32.0,1.7,0.97,8.2,0.0,1584.0,0.25,0.45,6.0,3,0.74,2.8,1137.0,2532.0,3509.0,1984.0,2,1,Female
1171,47.0,18742.0,21.0,6.2,154.0,4.8,0.15,1.0,0.07,124.0,0.38,0.28,3.9,8,0.34,0.0,1206.0,2320.0,2740.0,252.0,3,0,Female
1172,32.0,96435.0,3.9,5.4,155.0,3.6,0.31,5.3,0.08,18.0,0.29,0.62,0.2,4,0.52,0.0,8618.0,12372.0,7540.0,1257.0,1,1,Male
1173,40.0,19992.0,17.4,5.3,216.0,5.1,0.08,1.6,0.15,103.0,0.32,0.52,0.0,1,0.57,0.0,2536.0,1689.0,3205.0,1905.0,3,2,Female
1174,29.0,21827.0,80.8,20.3,29.0,2.5,0.8,5.3,0.09,1880.0,0.17,0.35,22.0,4,0.61,1.0,2575.0,2602.0,3220.0,177.0,1,1,Male
1175,46.0,95815.0,87.2,17.1,12.0,2.8,0.6,6.9,0.16,1236.0,0.46,0.23,12.1,3,0.21,6.9,12770.0,14101.0,12920.0,8827.0,3,0,Female
1176,34.0,30146.0,14.0,4.6,105.0,3.1,0.17,2.7,0.15,58.0,0.48,0.47,2.2,0,0.33,0.0,2353.0,4023.0,3614.0,397.0,0,2,Male
1177,41.0,83181.0,80.2,15.4,12.0,3.2,0.87,4.9,0.1,1074.0,0.52,0.0,0.0,2,0.35,4.1,2197.0,12019.0,11820.0,7758.0,2,0,Male
1178,22.0,23493.0,77.4,19.4,5.0,0.2,0.9,6.4,0.12,1777.0,0.06,0.13,12.1,2,0.15,0.7,2326.0,2446.0,2897.0,338.0,1,1,Female
1179,18.0,26879.0,98.0,23.2,30.0,4.0,0.94,5.9,0.1,1882.0,0.44,0.12,10.8,5,0.39,0.0,1722.0,3599.0,2898.0,873.0,1,0,Female
1180,54.0,99010.0,12.1,4.1,214.0,2.8,0.15,4.2,0.11,52.0,0.07,0.45,2.1,3,0.13,0.0,4335.0,13576.0,10035.0,8862.0,0,0,Female
1181,40.0,93856.0,21.0,2.9,219.0,5.3,0.26,4.4,0.14,73.0,0.14,0.58,5.0,5,0.57,0.0,3822.0,10040.0,8629.0,6244.0,2,0,Female
1182,36.0,97259.0,89.0,17.1,18.0,5.7,0.55,6.7,0.09,1390.0,0.21,0.14,12.0,1,0.6,0.0,14126.0,6444.0,10428.0,746.0,5,0,Female
1183,42.0,90621.0,13.1,0.9,193.0,2.9,0.34,2.7,0.1,14.0,0.19,0.61,0.0,4,0.3,6.9,3310.0,8134.0,12592.0,2853.0,1,1,Female
1184,51.0,27781.0,25.8,4.8,149.0,3.9,0.29,3.3,0.08,115.0,0.42,0.1,3.2,7,0.47,4.2,1495.0,4004.0,2455.0,1711.0,3,0,Female
1185,33.0,88804.0,82.0,15.2,21.0,2.9,0.71,4.7,0.07,1276.0,0.4,0.19,10.5,3,0.32,3.8,12874.0,8126.0,15206.0,2476.0,2,1,Female
1186,25.0,22431.0,87.4,10.3,26.0,2.7,0.92,5.0,0.03,1019.0,0.17,0.45,3.9,3,0.4,0.0,1048.0,2368.0,1461.0,88.0,4,0,Female
1187,34.0,82615.0,82.8,27.3,25.0,2.3,0.85,4.2,0.11,1813.0,0.29,0.29,16.4,4,0.29,7.1,7134.0,8237.0,7309.0,3932.0,2,1,Female
1188,31.0,26883.0,68.7,19.0,25.0,1.1,0.92,5.9,0.08,1228.0,0.43,0.34,9.8,2,0.74,3.0,3792.0,1500.0,1525.0,1140.0,2,1,Female
1189,32.0,77851.0,18.8,5.2,292.0,5.1,0.07,2.2,0.1,101.0,0.33,0.64,0.0,0,0.42,4.2,3871.0,10289.0,6842.0,3846.0,1,1,Male
1190,30.0,28630.0,85.4,23.7,18.0,0.5,0.89,3.9,0.16,1910.0,0.25,0.0,13.4,5,0.25,0.0,2188.0,2173.0,4018.0,802.0,1,2,Male
1191,53.0,21825.0,14.5,3.7,186.0,1.5,0.03,2.9,0.07,54.0,0.41,0.46,0.0,2,0.16,9.2,3174.0,1414.0,4319.0,595.0,3,0,Female
1192,43.0,105386.0,14.2,8.6,230.0,3.4,0.31,2.8,0.08,101.0,0.31,0.52,2.4,2,0.36,0.6,5704.0,14903.0,14071.0,1215.0,1,0,Male
1193,28.0,95865.0,87.1,24.1,20.0,7.4,0.63,3.6,0.06,2299.0,0.29,0.33,12.1,5,0.2,0.0,12082.0,8762.0,12993.0,2576.0,3,2,Female
1194,34.0,72004.0,98.4,20.6,6.0,5.2,0.89,5.2,0.11,2199.0,0.25,0.2,14.0,4,0.29,5.2,4681.0,10358.0,11709.0,1008.0,1,3,Female
1195,36.0,104298.0,3.5,4.3,232.0,1.2,0.36,2.2,0.23,14.0,0.22,0.08,3.1,3,0.33,0.0,8838.0,11061.0,11546.0,3995.0,1,1,Male
1196,52.0,24312.0,7.8,5.8,249.0,2.7,0.29,2.2,0.11,43.0,0.45,0.27,4.2,0,0.25,0.0,1360.0,917.0,4069.0,1471.0,3,1,Female
1197,43.0,25954.0,8.4,2.5,155.0,6.4,0.04,1.9,0.12,23.0,0.59,0.33,1.9,5,0.41,1.1,2109.0,1707.0,5113.0,2033.0,1,1,Female
1198,44.0,22582.0,20.0,5.3,245.0,8.9,0.18,1.0,0.21,121.0,0.32,0.19,6.7,2,0.44,0.0,956.0,2868.0,3803.0,1686.0,3,1,Male
1199,27.0,32644.0,96.3,14.3,22.0,0.2,0.81,5.7,0.04,1403.0,0.46,0.24,6.2,3,0.3,10.5,3627.0,3587.0,6368.0,2600.0,2,0,Male
1200,39.0,23303.0,19.7,6.1,177.0,4.3,0.23,1.2,0.15,128.0,0.44,0.34,0.0,4,0.35,2.2,781.0,1940.0,2080.0,2258.0,1,1,Female
